id,first_name,last_name,email,gender,ip_address,state,state_abbrev
1,Bevvy,Ivanchin,bivanchin0@diigo.com,Female,132.32.152.234,South Carolina,SC
2,Rockwell,Castelli,rcastelli1@time.com,Male,180.35.62.30,District of Columbia,DC
3,Debbi,Triplow,dtriplow2@discovery.com,Female,6.106.174.74,Arizona,AZ
4,Tracee,D'Adamo,tdadamo3@va.gov,Female,8.242.13.174,California,CA
5,Alyosha,Varga,avarga4@hostgator.com,Male,51.181.119.156,Arizona,AZ
6,Ivory,Sympson,isympson5@prlog.org,Female,246.89.13.204,Kansas,KS
7,Talya,Szantho,tszantho6@cargocollective.com,Female,39.119.150.147,Virginia,VA
8,Rafaello,Lubomirski,rlubomirski7@youku.com,Male,88.40.103.87,Iowa,IA
9,Nickolas,Matterson,nmatterson8@flavors.me,Male,162.248.16.82,Florida,FL
10,Rania,Gillaspy,rgillaspy9@4shared.com,Female,207.119.34.56,Idaho,ID
11,Burlie,Bath,bbatha@imdb.com,Male,150.95.151.216,Mississippi,MS
12,Allianora,Crew,acrewb@opera.com,Female,150.152.236.87,Texas,TX
13,Finlay,Lowings,flowingsc@de.vu,Male,219.10.85.184,Georgia,GA
14,Augustina,McCarrison,amccarrisond@engadget.com,Female,176.3.128.140,Kentucky,KY
15,Claribel,Amiranda,camirandae@prlog.org,Female,78.184.65.17,District of Columbia,DC
16,Walton,Squires,wsquiresf@toplist.cz,Male,76.74.141.73,Virginia,VA
17,Aloysius,Arons,aaronsg@sciencedirect.com,Male,102.248.216.69,Alabama,AL
18,Zola,Vannet,zvanneth@paypal.com,Female,145.209.92.104,Florida,FL
19,Bronnie,Kale,bkalei@adobe.com,Male,180.92.22.84,New York,NY
20,Cathee,Hele,chelej@fda.gov,Female,183.98.69.136,Texas,TX
21,Juli,Haire,jhairek@usda.gov,Female,74.19.91.154,North Carolina,NC
22,Clevey,Boliver,cboliverl@icq.com,Male,251.29.36.48,Kentucky,KY
23,Crissie,Ortiga,cortigam@washington.edu,Female,30.241.35.113,Tennessee,TN
24,Deloris,Gutowski,dgutowskin@berkeley.edu,Female,21.159.206.248,Texas,TX
25,Ruperta,Sergison,rsergisono@cbsnews.com,Female,16.99.182.61,Louisiana,LA
26,Tallulah,Coxen,tcoxenp@cafepress.com,Female,30.66.114.188,Michigan,MI
27,Filberto,Billingsley,fbillingsleyq@comsenz.com,Male,65.68.125.128,Florida,FL
28,Ricky,McLernon,rmclernonr@moonfruit.com,Female,147.89.132.32,Texas,TX
29,Terrell,Doust,tdousts@msn.com,Male,160.210.11.80,District of Columbia,DC
30,Gordy,Bazoge,gbazoget@vk.com,Male,216.114.100.250,Texas,TX
31,Dania,Scoullar,dscoullaru@scribd.com,Female,25.121.202.33,District of Columbia,DC
32,Isabelita,Korneichik,ikorneichikv@smugmug.com,Female,55.189.114.158,District of Columbia,DC
33,Rhonda,Reis,rreisw@oaic.gov.au,Female,80.240.210.163,New York,NY
34,Petr,Sofe,psofex@ucoz.com,Male,8.80.47.183,New York,NY
35,Arluene,Pinckney,apinckneyy@patch.com,Female,188.1.229.35,Florida,FL
36,Enrico,Bonett,ebonettz@imdb.com,Male,21.248.192.218,Texas,TX
37,Glenine,Hanssmann,ghanssmann10@walmart.com,Female,164.11.79.77,Georgia,GA
38,Shurlocke,Pannaman,spannaman11@elegantthemes.com,Male,169.98.44.221,Massachusetts,MA
39,Krishnah,Walters,kwalters12@harvard.edu,Male,73.43.32.255,Texas,TX
40,Delphinia,Noseworthy,dnoseworthy13@cornell.edu,Female,54.124.91.46,California,CA
41,Guthrey,Stittle,gstittle14@sogou.com,Male,115.117.122.245,California,CA
42,Mahmoud,McGrudder,mmcgrudder15@admin.ch,Male,121.15.85.239,Mississippi,MS
43,Timi,Gerritsma,tgerritsma16@newyorker.com,Female,179.132.2.237,California,CA
44,Daniel,Barribal,dbarribal17@cdbaby.com,Male,25.95.114.156,California,CA
45,Theresa,Uridge,turidge18@joomla.org,Female,27.217.171.231,Nebraska,NE
46,Ennis,Noen,enoen19@admin.ch,Male,149.128.108.232,New York,NY
47,Patty,Kayes,pkayes1a@vinaora.com,Male,134.151.203.14,Virginia,VA
48,Kurtis,Wadworth,kwadworth1b@google.com.au,Male,74.36.122.27,Oklahoma,OK
49,Kermy,Lutsch,klutsch1c@cdbaby.com,Male,147.171.78.181,Kansas,KS
50,Edin,Zarfai,ezarfai1d@hud.gov,Female,210.22.189.92,Florida,FL
51,Jackquelin,Cristofolo,jcristofolo1e@nature.com,Female,170.80.57.60,Texas,TX
52,Tobi,Disney,tdisney1f@ca.gov,Female,127.225.77.55,New Jersey,NJ
53,Ambrosio,Swindells,aswindells1g@weather.com,Male,113.37.181.106,Wisconsin,WI
54,Francisco,Venditti,fvenditti1h@xrea.com,Male,253.138.15.1,Florida,FL
55,Vale,Prinne,vprinne1i@comsenz.com,Female,204.82.21.58,Texas,TX
56,Gabriello,Christmas,gchristmas1j@google.com.br,Male,145.59.31.4,Texas,TX
57,Garrard,Richemont,grichemont1k@godaddy.com,Male,4.77.204.92,Maryland,MD
58,Hymie,Elph,helph1l@statcounter.com,Male,184.150.199.226,New York,NY
59,Heinrik,Fernando,hfernando1m@gravatar.com,Male,115.65.225.228,Minnesota,MN
60,Barnabas,Ceeley,bceeley1n@arstechnica.com,Male,81.165.59.155,North Carolina,NC
61,Johnath,Dolley,jdolley1o@upenn.edu,Female,124.9.243.133,Texas,TX
62,Harriot,Grigsby,hgrigsby1p@guardian.co.uk,Female,129.81.181.224,California,CA
63,Marlo,Troutbeck,mtroutbeck1q@etsy.com,Male,62.118.206.73,Texas,TX
64,Blakeley,Mounfield,bmounfield1r@cornell.edu,Female,55.58.108.119,California,CA
65,Rufe,Goodlett,rgoodlett1s@cpanel.net,Male,223.63.183.90,Alabama,AL
66,Earl,Selwood,eselwood1t@yahoo.com,Male,221.243.7.46,Washington,WA
67,Livvyy,Wooster,lwooster1u@alibaba.com,Female,177.251.207.223,Tennessee,TN
68,Jaclin,Cawdron,jcawdron1v@nps.gov,Female,186.97.13.5,Illinois,IL
69,Ransom,Kislingbury,rkislingbury1w@gov.uk,Male,87.132.180.85,Florida,FL
70,Falito,Gelletly,fgelletly1x@studiopress.com,Male,248.113.31.200,Alabama,AL
71,Karlotta,Wakelin,kwakelin1y@mlb.com,Female,31.127.14.45,Pennsylvania,PA
72,Gabie,Wintersgill,gwintersgill1z@netvibes.com,Male,42.125.229.35,Oregon,OR
73,Wynnie,Vivers,wvivers20@virginia.edu,Female,167.25.184.178,Florida,FL
74,Else,Aplin,eaplin21@slashdot.org,Female,17.249.64.56,Texas,TX
75,Tricia,Emnoney,temnoney22@washington.edu,Female,72.161.208.29,District of Columbia,DC
76,Othella,Wherrett,owherrett23@amazon.co.uk,Female,89.108.76.65,Ohio,OH
77,Rriocard,Pestridge,rpestridge24@cnbc.com,Male,225.250.98.250,North Carolina,NC
78,Costanza,Maxsted,cmaxsted25@loc.gov,Female,195.150.82.225,Texas,TX
79,Cyndi,Autie,cautie26@admin.ch,Female,55.120.204.53,Virginia,VA
80,Dannie,Bartholin,dbartholin27@senate.gov,Male,59.2.28.113,Minnesota,MN
81,Serene,Roth,sroth28@drupal.org,Female,135.245.131.143,Florida,FL
82,Engelbert,Bousfield,ebousfield29@webeden.co.uk,Male,250.185.22.120,New Jersey,NJ
83,Blake,Bagnall,bbagnall2a@va.gov,Male,125.223.98.85,New York,NY
84,Lucina,Saunt,lsaunt2b@diigo.com,Female,187.92.214.0,California,CA
85,Lowrance,Neasam,lneasam2c@jiathis.com,Male,99.37.32.167,Illinois,IL
86,Xenia,Loblie,xloblie2d@guardian.co.uk,Female,205.67.135.6,Massachusetts,MA
87,Pammy,Hug,phug2e@oakley.com,Female,115.24.30.16,California,CA
88,Cleon,Loyley,cloyley2f@tinypic.com,Male,14.16.24.78,Florida,FL
89,Walther,Dempsey,wdempsey2g@rambler.ru,Male,146.168.107.179,Tennessee,TN
90,Adam,Kinkaid,akinkaid2h@epa.gov,Male,222.135.39.87,Washington,WA
91,Noelani,Trolley,ntrolley2i@behance.net,Female,94.247.52.14,Texas,TX
92,Ulberto,McGooch,umcgooch2j@weebly.com,Male,87.125.151.68,Virginia,VA
93,Pavlov,Povah,ppovah2k@dmoz.org,Male,51.122.247.188,New York,NY
94,Edeline,Malthouse,emalthouse2l@free.fr,Female,234.177.131.174,Arizona,AZ
95,Timotheus,Orwin,torwin2m@odnoklassniki.ru,Male,159.120.152.254,Minnesota,MN
96,Shaina,Lademann,slademann2n@elpais.com,Female,40.113.189.214,Ohio,OH
97,Winnie,Chave,wchave2o@google.co.jp,Male,149.166.120.25,Nebraska,NE
98,Gaultiero,Lamblin,glamblin2p@bbb.org,Male,79.200.50.62,New Mexico,NM
99,Gertrud,Lynch,glynch2q@cpanel.net,Female,228.45.82.156,Tennessee,TN
100,Brande,Kamenar,bkamenar2r@w3.org,Female,158.72.22.244,West Virginia,WV
101,Nydia,Markel,nmarkel2s@chron.com,Female,214.239.91.199,Wisconsin,WI
102,Holt,Bunson,hbunson2t@pagesperso-orange.fr,Male,95.229.71.240,Connecticut,CT
103,Shannon,Neillans,sneillans2u@hexun.com,Female,173.28.187.136,Idaho,ID
104,Tanney,Bakster,tbakster2v@oakley.com,Male,147.121.214.71,Oklahoma,OK
105,Willard,Zoane,wzoane2w@ifeng.com,Male,167.74.185.156,North Carolina,NC
106,Linnet,Gallahue,lgallahue2x@google.it,Female,193.21.167.233,Illinois,IL
107,Mathias,Colston,mcolston2y@ca.gov,Male,236.249.138.124,Pennsylvania,PA
108,Janette,Jermyn,jjermyn2z@telegraph.co.uk,Female,121.12.60.108,Texas,TX
109,Tracey,Keets,tkeets30@prlog.org,Female,20.194.153.181,Louisiana,LA
110,Stafani,Calcraft,scalcraft31@baidu.com,Female,190.105.94.186,Georgia,GA
111,Chen,Huyge,chuyge32@dyndns.org,Male,60.215.127.51,Texas,TX
112,Rochella,Hanne,rhanne33@nyu.edu,Female,229.238.124.68,Indiana,IN
113,Elfrida,Boerderman,eboerderman34@vinaora.com,Female,67.137.39.163,District of Columbia,DC
114,Berrie,Goldsworthy,bgoldsworthy35@sbwire.com,Female,72.31.170.213,Minnesota,MN
115,Shurwood,Malone,smalone36@pagesperso-orange.fr,Male,121.30.146.48,Iowa,IA
116,Jeddy,MacCafferky,jmaccafferky37@imageshack.us,Male,189.185.172.159,California,CA
117,Tommie,Edelheid,tedelheid38@google.pl,Male,255.24.96.5,Louisiana,LA
118,Demetri,Bowlas,dbowlas39@google.co.uk,Male,94.99.235.51,Iowa,IA
119,Christiano,Janney,cjanney3a@paypal.com,Male,91.215.192.11,Texas,TX
120,Demetre,Savery,dsavery3b@si.edu,Male,250.111.15.45,Georgia,GA
121,Jeannette,Stead,jstead3c@paypal.com,Female,124.47.160.167,Missouri,MO
122,Ketti,Dealtry,kdealtry3d@home.pl,Female,135.94.86.24,Indiana,IN
123,Linus,Cason,lcason3e@gizmodo.com,Male,109.17.194.219,West Virginia,WV
124,Fayre,Creak,fcreak3f@github.com,Female,113.39.252.2,New York,NY
125,Huntlee,Joontjes,hjoontjes3g@etsy.com,Male,176.15.10.27,Oregon,OR
126,Sharl,Earlam,searlam3h@360.cn,Female,71.86.208.81,Washington,WA
127,Rosemarie,Pelos,rpelos3i@constantcontact.com,Female,3.18.103.217,West Virginia,WV
128,Page,Boardman,pboardman3j@mapy.cz,Male,23.219.204.146,Virginia,VA
129,Lester,Francombe,lfrancombe3k@discovery.com,Male,45.171.117.245,Connecticut,CT
130,Caryn,M'Barron,cmbarron3l@webmd.com,Female,133.210.139.228,Illinois,IL
131,Lodovico,Dyneley,ldyneley3m@fc2.com,Male,210.140.41.71,Nebraska,NE
132,Ranique,Hawyes,rhawyes3n@sciencedirect.com,Female,86.253.183.242,Florida,FL
133,Rodge,Armiger,rarmiger3o@harvard.edu,Male,155.163.246.228,Louisiana,LA
134,Leigh,Jakubovski,ljakubovski3p@fema.gov,Female,108.219.92.54,Arizona,AZ
135,Averil,Ditchfield,aditchfield3q@diigo.com,Female,14.135.227.164,Iowa,IA
136,Sheilah,Woollcott,swoollcott3r@dailymotion.com,Female,221.224.230.209,Utah,UT
137,Smith,Johannesson,sjohannesson3s@guardian.co.uk,Male,12.224.218.167,New Mexico,NM
138,Revkah,Futter,rfutter3t@intel.com,Female,24.147.71.51,Michigan,MI
139,Cherianne,Douty,cdouty3u@jugem.jp,Female,14.7.248.39,New York,NY
140,Jarrett,Licciardi,jlicciardi3v@constantcontact.com,Male,251.38.14.103,California,CA
141,Jannelle,Guyot,jguyot3w@ft.com,Female,44.51.12.102,Florida,FL
142,Towny,Dwane,tdwane3x@businessinsider.com,Male,224.199.238.127,Florida,FL
143,Abby,Torry,atorry3y@who.int,Male,35.177.62.199,Pennsylvania,PA
144,Murdoch,Scripps,mscripps3z@ft.com,Male,222.66.158.10,Texas,TX
145,Cosme,Napthine,cnapthine40@free.fr,Male,111.56.86.158,District of Columbia,DC
146,Amelie,Tomasicchio,atomasicchio41@cafepress.com,Female,74.34.42.142,California,CA
147,Brigg,Haddrell,bhaddrell42@wordpress.com,Male,32.252.203.154,District of Columbia,DC
148,Miquela,Lockey,mlockey43@tamu.edu,Female,245.222.212.87,Pennsylvania,PA
149,Dulcinea,Gumbrell,dgumbrell44@sbwire.com,Female,180.25.120.27,Colorado,CO
150,Sarena,Dowglass,sdowglass45@dailymotion.com,Female,144.10.131.162,Colorado,CO
151,Nathan,Buckland,nbuckland46@4shared.com,Male,190.190.99.231,Florida,FL
152,Sergent,Biset,sbiset47@domainmarket.com,Male,124.184.127.120,Nevada,NV
153,Asia,Wehden,awehden48@reddit.com,Female,111.250.94.156,Texas,TX
154,Shirline,Finnan,sfinnan49@admin.ch,Female,173.96.24.79,Nebraska,NE
155,Denyse,Lansdown,dlansdown4a@youtu.be,Female,159.51.205.151,Alabama,AL
156,Danielle,Cawt,dcawt4b@walmart.com,Female,20.190.81.246,Indiana,IN
157,Hamish,Evens,hevens4c@weebly.com,Male,61.116.196.48,California,CA
158,Elli,Farguhar,efarguhar4d@lulu.com,Female,213.180.58.94,Georgia,GA
159,Naoma,Barwis,nbarwis4e@wordpress.org,Female,231.121.212.41,California,CA
160,Reider,Gibbens,rgibbens4f@princeton.edu,Male,81.182.190.244,New York,NY
161,Dorian,Goodin,dgoodin4g@networkadvertising.org,Female,187.158.66.176,Ohio,OH
162,Stefanie,Vallintine,svallintine4h@yelp.com,Female,111.17.235.62,District of Columbia,DC
163,Nicko,Crosfeld,ncrosfeld4i@time.com,Male,182.85.74.34,Idaho,ID
164,Natty,Bugden,nbugden4j@odnoklassniki.ru,Male,162.215.75.102,Florida,FL
165,Vernice,Ashenhurst,vashenhurst4k@pcworld.com,Female,70.95.124.253,New York,NY
166,Leyla,Fonquernie,lfonquernie4l@istockphoto.com,Female,124.97.135.89,North Carolina,NC
167,Cornell,Cotter,ccotter4m@ifeng.com,Male,204.117.169.157,Ohio,OH
168,Gerianne,Stiell,gstiell4n@paginegialle.it,Female,81.141.224.53,Texas,TX
169,Romy,Hounsom,rhounsom4o@infoseek.co.jp,Female,67.195.0.134,Minnesota,MN
170,Faulkner,Aharoni,faharoni4p@google.ru,Male,46.148.107.152,Michigan,MI
171,Rorke,Watford,rwatford4q@springer.com,Male,111.162.161.109,Louisiana,LA
172,Alberik,Tibbotts,atibbotts4r@bluehost.com,Male,115.255.239.13,Washington,WA
173,Grantley,Fursland,gfursland4s@jigsy.com,Male,240.85.102.15,Texas,TX
174,Dredi,Broune,dbroune4t@list-manage.com,Female,188.117.62.181,Washington,WA
175,Cornelius,Polle,cpolle4u@ustream.tv,Male,215.102.250.111,Arizona,AZ
176,Emlyn,Blanche,eblanche4v@amazon.com,Female,195.165.244.1,Colorado,CO
177,Regina,Blayd,rblayd4w@sciencedirect.com,Female,135.143.197.119,California,CA
178,Christy,Stidever,cstidever4x@goo.ne.jp,Female,133.169.194.175,Georgia,GA
179,Mallory,Wiltshear,mwiltshear4y@boston.com,Female,214.211.211.174,Connecticut,CT
180,Adler,Cobbledick,acobbledick4z@myspace.com,Male,38.171.105.147,Florida,FL
181,Gay,Codlin,gcodlin50@indiegogo.com,Male,155.41.29.93,Florida,FL
182,Guillema,Benoist,gbenoist51@angelfire.com,Female,103.201.48.139,Florida,FL
183,Manon,Robyns,mrobyns52@ibm.com,Female,204.8.88.59,Georgia,GA
184,Homerus,Mitkin,hmitkin53@free.fr,Male,243.252.126.165,New York,NY
185,Niko,Semmens,nsemmens54@free.fr,Male,218.138.227.36,Texas,TX
186,Jase,Bossel,jbossel55@usgs.gov,Male,49.227.79.126,California,CA
187,Ettie,Blakebrough,eblakebrough56@dailymail.co.uk,Female,153.254.2.248,California,CA
188,Adolphe,Andreichik,aandreichik57@newyorker.com,Male,182.92.61.109,Texas,TX
189,Englebert,Pinder,epinder58@geocities.com,Male,76.228.101.69,Texas,TX
190,Leanora,Hastwell,lhastwell59@weather.com,Female,65.255.78.13,District of Columbia,DC
191,Shayne,Chalmers,schalmers5a@hp.com,Female,62.60.132.196,New York,NY
192,Andros,Spratt,aspratt5b@wunderground.com,Male,182.195.88.130,District of Columbia,DC
193,Woodie,Stockhill,wstockhill5c@studiopress.com,Male,107.110.227.180,Ohio,OH
194,Andrus,Mcimmie,amcimmie5d@ed.gov,Male,147.223.143.199,California,CA
195,Annelise,Arent,aarent5e@delicious.com,Female,134.237.80.6,California,CA
196,Melisandra,Gregoraci,mgregoraci5f@addtoany.com,Female,124.19.99.151,Florida,FL
197,Major,Noli,mnoli5g@naver.com,Male,156.92.232.197,California,CA
198,Ortensia,Wyett,owyett5h@altervista.org,Female,134.66.141.238,Texas,TX
199,Mickie,Rossetti,mrossetti5i@buzzfeed.com,Male,37.208.224.120,Florida,FL
200,Minor,Storror,mstorror5j@wufoo.com,Male,143.23.5.205,Indiana,IN
201,Brynna,Gladbeck,bgladbeck5k@feedburner.com,Female,171.46.141.131,Florida,FL
202,Demott,Jockle,djockle5l@instagram.com,Male,219.217.101.161,Minnesota,MN
203,Stanislaus,Bowart,sbowart5m@photobucket.com,Male,133.87.239.158,Wisconsin,WI
204,Eduardo,Holburn,eholburn5n@cam.ac.uk,Male,138.208.99.239,Texas,TX
205,Kym,Cairns,kcairns5o@washington.edu,Female,90.110.13.213,Colorado,CO
206,Saxe,Ventham,sventham5p@lulu.com,Male,16.37.11.106,Montana,MT
207,Mick,Dewen,mdewen5q@elpais.com,Male,162.33.47.113,Texas,TX
208,Bertrando,Goodday,bgoodday5r@ebay.co.uk,Male,40.137.40.11,California,CA
209,Mitchell,Vigneron,mvigneron5s@foxnews.com,Male,112.186.165.235,Pennsylvania,PA
210,Pablo,Stone Fewings,pstonefewings5t@cbslocal.com,Male,224.92.116.9,Texas,TX
211,Ludvig,London,llondon5u@cbslocal.com,Male,171.199.63.197,California,CA
212,Orran,Barritt,obarritt5v@phpbb.com,Male,237.120.224.148,Pennsylvania,PA
213,Zuzana,Shankster,zshankster5w@prlog.org,Female,241.9.179.64,Florida,FL
214,Rafaelita,Father,rfather5x@wisc.edu,Female,11.142.214.131,California,CA
215,Jacques,Bushell,jbushell5y@devhub.com,Male,82.29.20.142,Florida,FL
216,Michael,Petyankin,mpetyankin5z@jiathis.com,Male,228.109.187.73,Hawaii,HI
217,Maia,Kinnar,mkinnar60@imageshack.us,Female,67.241.92.229,New Jersey,NJ
218,Allina,Farthing,afarthing61@odnoklassniki.ru,Female,130.222.209.6,District of Columbia,DC
219,Hogan,Woolgar,hwoolgar62@freewebs.com,Male,62.161.88.213,Michigan,MI
220,Elsinore,Skellen,eskellen63@biglobe.ne.jp,Female,215.137.94.18,Pennsylvania,PA
221,Dalt,Frondt,dfrondt64@ftc.gov,Male,203.189.160.134,Iowa,IA
222,Donal,Fudger,dfudger65@gnu.org,Male,234.20.134.125,Oklahoma,OK
223,Urban,Deveraux,udeveraux66@bravesites.com,Male,227.119.17.0,Tennessee,TN
224,Herschel,Shingfield,hshingfield67@wiley.com,Male,205.154.163.63,Nevada,NV
225,Lorrin,Devennie,ldevennie68@shinystat.com,Female,98.7.4.218,Illinois,IL
226,Graig,Gellion,ggellion69@examiner.com,Male,0.184.69.9,Massachusetts,MA
227,Tybi,De Few,tdefew6a@geocities.com,Female,22.103.230.205,Texas,TX
228,Emile,Maddrell,emaddrell6b@bloglines.com,Male,113.33.95.50,Georgia,GA
229,Hope,Caldecot,hcaldecot6c@free.fr,Female,138.176.64.127,South Carolina,SC
230,Emerson,Piggrem,epiggrem6d@delicious.com,Male,173.246.107.151,Washington,WA
231,Baird,Gurg,bgurg6e@cargocollective.com,Male,164.178.211.211,Florida,FL
232,Roderich,Aldersey,raldersey6f@usnews.com,Male,236.55.177.58,Texas,TX
233,Blanch,Haresign,bharesign6g@engadget.com,Female,203.46.163.30,Ohio,OH
234,Lloyd,Awdry,lawdry6h@yellowpages.com,Male,228.80.65.189,Louisiana,LA
235,Alphard,Cruikshank,acruikshank6i@hp.com,Male,32.224.220.117,Indiana,IN
236,Shannan,Blevin,sblevin6j@house.gov,Male,196.78.145.132,New York,NY
237,Adriaens,Barensky,abarensky6k@ow.ly,Female,10.59.54.212,Ohio,OH
238,Andros,Tuttle,atuttle6l@livejournal.com,Male,218.175.200.38,Texas,TX
239,Wendye,Glitherow,wglitherow6m@usa.gov,Female,113.184.184.49,Pennsylvania,PA
240,Joseph,Ragot,jragot6n@digg.com,Male,125.54.251.224,Florida,FL
241,Clarance,Kerwick,ckerwick6o@google.com,Male,239.209.82.114,Alabama,AL
242,Cliff,Hargrave,chargrave6p@fotki.com,Male,209.240.88.6,Oregon,OR
243,Lamont,Dymond,ldymond6q@liveinternet.ru,Male,142.32.237.210,Texas,TX
244,Jo-anne,Trayhorn,jtrayhorn6r@go.com,Female,238.177.209.129,Texas,TX
245,Devora,Ascroft,dascroft6s@netscape.com,Female,159.172.175.21,District of Columbia,DC
246,Elliot,Orable,eorable6t@topsy.com,Male,252.194.231.116,Kansas,KS
247,Devondra,Durkin,ddurkin6u@prweb.com,Female,3.164.74.184,New York,NY
248,Viki,Jiggle,vjiggle6v@freewebs.com,Female,101.209.32.219,Mississippi,MS
249,Philippe,Tofpik,ptofpik6w@sina.com.cn,Female,211.49.61.111,Texas,TX
250,Isak,McKennan,imckennan6x@dion.ne.jp,Male,57.9.236.93,New York,NY
251,Hilly,Petworth,hpetworth6y@kickstarter.com,Male,122.141.148.105,New York,NY
252,Emile,Ackrill,eackrill6z@google.nl,Male,187.169.208.117,California,CA
253,Linc,Wenban,lwenban70@clickbank.net,Male,65.4.1.6,Alaska,AK
254,Franz,Passy,fpassy71@ameblo.jp,Male,252.247.51.31,Florida,FL
255,Augustine,Shelborne,ashelborne72@weebly.com,Male,165.229.50.206,California,CA
256,Gothart,McIndoe,gmcindoe73@aol.com,Male,128.7.157.171,California,CA
257,Pepito,Whitham,pwhitham74@wikia.com,Male,74.72.208.1,California,CA
258,Nariko,Winward,nwinward75@sciencedaily.com,Female,62.29.160.47,Oregon,OR
259,Drugi,Wherton,dwherton76@bravesites.com,Male,53.93.176.247,California,CA
260,Cam,Maddocks,cmaddocks77@java.com,Male,8.233.180.219,South Carolina,SC
261,Liane,Bavister,lbavister78@pagesperso-orange.fr,Female,114.48.111.158,Alabama,AL
262,Berny,Marnane,bmarnane79@bbb.org,Female,120.112.8.99,Florida,FL
263,Elmo,Kikke,ekikke7a@bravesites.com,Male,83.37.59.10,New York,NY
264,Deva,Anthonies,danthonies7b@ifeng.com,Female,253.64.221.189,New York,NY
265,Barbette,Huncoot,bhuncoot7c@ebay.co.uk,Female,179.205.40.196,Ohio,OH
266,Cathy,Marcroft,cmarcroft7d@weibo.com,Female,70.229.68.57,Indiana,IN
267,Lothario,Girardot,lgirardot7e@accuweather.com,Male,29.210.59.73,Alabama,AL
268,Amery,Shoemark,ashoemark7f@bbb.org,Male,245.34.116.22,Michigan,MI
269,Arney,Waszczyk,awaszczyk7g@cnbc.com,Male,135.103.215.117,New York,NY
270,Padgett,Launder,plaunder7h@uol.com.br,Male,87.254.5.252,New Mexico,NM
271,Blaine,Seamer,bseamer7i@mapquest.com,Male,147.53.57.47,Missouri,MO
272,Romain,Hebborn,rhebborn7j@moonfruit.com,Male,214.236.42.253,Virginia,VA
273,Roze,Burnes,rburnes7k@dmoz.org,Female,145.67.121.149,Ohio,OH
274,Rouvin,Tremayle,rtremayle7l@webs.com,Male,40.128.18.91,Texas,TX
275,Padraic,Collip,pcollip7m@bloomberg.com,Male,187.190.175.15,District of Columbia,DC
276,Ashbey,Stanbro,astanbro7n@indiegogo.com,Male,128.135.61.237,Texas,TX
277,Duncan,Loines,dloines7o@taobao.com,Male,30.17.210.21,Oregon,OR
278,Caitlin,Noods,cnoods7p@chronoengine.com,Female,130.233.4.204,Nebraska,NE
279,Dieter,Font,dfont7q@gnu.org,Male,79.209.21.186,Texas,TX
280,Michael,McAllister,mmcallister7r@about.com,Male,14.125.171.250,Oklahoma,OK
281,Morie,Childes,mchildes7s@4shared.com,Male,243.14.222.185,Maryland,MD
282,Reube,Egdal,regdal7t@nhs.uk,Male,1.25.215.99,West Virginia,WV
283,Almira,Soitoux,asoitoux7u@utexas.edu,Female,116.204.249.241,Iowa,IA
284,Kati,Rigts,krigts7v@yellowbook.com,Female,42.194.90.237,Florida,FL
285,Caldwell,Alen,calen7w@nsw.gov.au,Male,246.168.252.21,District of Columbia,DC
286,Dorotea,Shellshear,dshellshear7x@dot.gov,Female,148.80.36.162,Indiana,IN
287,Gordon,Thorsen,gthorsen7y@desdev.cn,Male,194.138.144.105,Texas,TX
288,Arabella,Atkins,aatkins7z@cmu.edu,Female,61.81.119.22,Texas,TX
289,Billi,Avrahamian,bavrahamian80@craigslist.org,Female,97.189.159.101,Connecticut,CT
290,Dominica,Alelsandrovich,dalelsandrovich81@ifeng.com,Female,140.117.241.147,Pennsylvania,PA
291,Nap,Firks,nfirks82@upenn.edu,Male,95.193.178.243,Ohio,OH
292,Camala,Beresfore,cberesfore83@geocities.jp,Female,30.154.115.44,California,CA
293,Ennis,Gibbon,egibbon84@smh.com.au,Male,200.167.124.241,Pennsylvania,PA
294,Radcliffe,Luggar,rluggar85@baidu.com,Male,70.68.78.167,California,CA
295,Abran,Rentelll,arentelll86@wiley.com,Male,119.50.23.153,California,CA
296,Pavia,Kernaghan,pkernaghan87@creativecommons.org,Female,219.147.152.42,Nevada,NV
297,Thaddeus,Beckensall,tbeckensall88@ow.ly,Male,212.113.234.208,Florida,FL
298,Terese,Brazil,tbrazil89@1688.com,Female,11.105.150.61,Kentucky,KY
299,Goldi,Olivet,golivet8a@wp.com,Female,206.221.75.3,Tennessee,TN
300,Maggie,Beardsworth,mbeardsworth8b@csmonitor.com,Female,172.144.171.228,Missouri,MO
301,Darleen,O'Farris,dofarris8c@patch.com,Female,151.171.250.203,Minnesota,MN
302,Aguie,Abate,aabate8d@de.vu,Male,85.245.142.164,Kansas,KS
303,Lalo,Dreng,ldreng8e@harvard.edu,Male,114.207.16.208,Alabama,AL
304,Barney,Test,btest8f@issuu.com,Male,22.96.64.77,Ohio,OH
305,Benjamin,Amiable,bamiable8g@i2i.jp,Male,160.34.95.74,California,CA
306,Aggy,Crocken,acrocken8h@weibo.com,Female,181.129.113.233,Tennessee,TN
307,Venita,Dufour,vdufour8i@ca.gov,Female,118.10.247.90,Minnesota,MN
308,Maria,Verrills,mverrills8j@theatlantic.com,Female,227.13.79.99,New York,NY
309,Abbot,Bakewell,abakewell8k@virginia.edu,Male,48.132.98.67,Colorado,CO
310,Ole,McAnalley,omcanalley8l@barnesandnoble.com,Male,252.29.12.154,District of Columbia,DC
311,Cal,Evins,cevins8m@51.la,Female,136.34.27.177,Nebraska,NE
312,Kathy,Goodband,kgoodband8n@youku.com,Female,171.113.169.136,New Mexico,NM
313,Madalyn,Edland,medland8o@msu.edu,Female,175.197.177.16,Kansas,KS
314,Natalee,Janks,njanks8p@utexas.edu,Female,4.174.151.238,Ohio,OH
315,Pippy,Hessle,phessle8q@businesswire.com,Female,179.1.140.242,New York,NY
316,Garry,Rodgier,grodgier8r@ning.com,Male,169.101.139.43,Florida,FL
317,Fabe,Mityushkin,fmityushkin8s@wiley.com,Male,58.77.89.204,Washington,WA
318,Forrester,Fotherby,ffotherby8t@lulu.com,Male,140.182.246.189,Colorado,CO
319,Sancho,McVicar,smcvicar8u@nationalgeographic.com,Male,95.231.62.77,Kansas,KS
320,Darsey,Beedell,dbeedell8v@slate.com,Female,131.220.66.72,California,CA
321,Pattie,Nannizzi,pnannizzi8w@newyorker.com,Male,25.108.77.203,Idaho,ID
322,Domingo,Skermer,dskermer8x@hexun.com,Male,114.49.154.199,Indiana,IN
323,Mark,Meddings,mmeddings8y@rakuten.co.jp,Male,236.3.102.137,Connecticut,CT
324,Morie,Banat,mbanat8z@alexa.com,Male,50.125.214.238,Maryland,MD
325,Nathaniel,Dempster,ndempster90@hp.com,Male,30.237.40.146,Texas,TX
326,Charo,Headly,cheadly91@wired.com,Female,56.9.23.203,New York,NY
327,Raeann,Fontenot,rfontenot92@xrea.com,Female,108.203.82.247,California,CA
328,Hakeem,Burkman,hburkman93@buzzfeed.com,Male,237.99.153.207,Iowa,IA
329,Issiah,Cameron,icameron94@upenn.edu,Male,54.238.155.6,Arizona,AZ
330,Karissa,Kinglesyd,kkinglesyd95@biglobe.ne.jp,Female,19.51.6.195,Wisconsin,WI
331,Dacia,Bison,dbison96@arstechnica.com,Female,236.43.74.66,Missouri,MO
332,Audi,Dullard,adullard97@soup.io,Female,94.0.10.39,California,CA
333,Lenka,Schieferstein,lschieferstein98@live.com,Female,151.76.213.4,Virginia,VA
334,Leticia,Lusted,llusted99@bluehost.com,Female,67.89.97.196,California,CA
335,Sandro,Ivanyukov,sivanyukov9a@netscape.com,Male,187.154.131.76,California,CA
336,Gianni,Daville,gdaville9b@nifty.com,Male,222.41.132.90,Florida,FL
337,Corrianne,Clapston,cclapston9c@weather.com,Female,107.133.45.53,Illinois,IL
338,Pooh,Barta,pbarta9d@europa.eu,Female,193.240.92.129,Kansas,KS
339,Cathleen,Curling,ccurling9e@clickbank.net,Female,117.130.40.105,Texas,TX
340,Gian,Cohan,gcohan9f@cisco.com,Male,163.219.221.85,Illinois,IL
341,Cam,Boribal,cboribal9g@fda.gov,Male,27.163.31.169,Maryland,MD
342,Irene,Capell,icapell9h@hc360.com,Female,233.227.52.216,Nevada,NV
343,Lionel,Blissett,lblissett9i@squidoo.com,Male,18.6.15.223,New York,NY
344,Winston,Lardge,wlardge9j@cyberchimps.com,Male,167.114.29.54,Florida,FL
345,Marnie,Watson-Brown,mwatsonbrown9k@upenn.edu,Female,9.44.231.77,Wisconsin,WI
346,Randi,Guilfoyle,rguilfoyle9l@vk.com,Male,112.52.62.199,Florida,FL
347,Roxie,Bolden,rbolden9m@dell.com,Female,236.39.236.190,Ohio,OH
348,Mayor,Geary,mgeary9n@sun.com,Male,1.97.197.208,Indiana,IN
349,Lorna,Chettoe,lchettoe9o@answers.com,Female,34.190.237.129,Ohio,OH
350,Janot,Curwood,jcurwood9p@nymag.com,Female,79.195.187.37,Florida,FL
351,Desmond,Rosenfarb,drosenfarb9q@tiny.cc,Male,245.133.117.139,Indiana,IN
352,Wayland,Riedel,wriedel9r@chronoengine.com,Male,36.142.133.50,Virginia,VA
353,Jacinda,Schott,jschott9s@skyrock.com,Female,160.57.3.61,Oklahoma,OK
354,Willette,Stendall,wstendall9t@newsvine.com,Female,183.0.225.82,Texas,TX
355,Webster,Sherwyn,wsherwyn9u@slideshare.net,Male,201.49.152.126,California,CA
356,Hendrik,Caddies,hcaddies9v@yahoo.co.jp,Male,106.129.16.4,North Carolina,NC
357,Chris,Ansty,cansty9w@etsy.com,Female,53.38.191.45,California,CA
358,Vasilis,Beagan,vbeagan9x@1688.com,Male,126.113.19.172,Nebraska,NE
359,Perren,Borles,pborles9y@twitpic.com,Male,110.83.122.121,Indiana,IN
360,Rene,Guiot,rguiot9z@addtoany.com,Male,215.76.191.133,New York,NY
361,Horst,Ditchburn,hditchburna0@sina.com.cn,Male,220.137.224.73,Nevada,NV
362,Paton,Rojahn,projahna1@chicagotribune.com,Male,90.123.186.74,California,CA
363,Roberto,Cleyburn,rcleyburna2@list-manage.com,Male,156.234.3.60,California,CA
364,Melina,Creavin,mcreavina3@fc2.com,Female,194.41.101.92,California,CA
365,Warren,De Carolis,wdecarolisa4@geocities.jp,Male,27.80.138.159,Kentucky,KY
366,Sylvia,Goucher,sgouchera5@si.edu,Female,153.223.120.3,South Carolina,SC
367,Ramsay,Pietruszewicz,rpietruszewicza6@unicef.org,Male,91.215.22.102,Kansas,KS
368,Kenn,Itzhayek,kitzhayeka7@flavors.me,Male,19.220.21.225,Texas,TX
369,Steffi,Lodevick,slodevicka8@skyrock.com,Female,130.235.44.214,Georgia,GA
370,Winfred,Plum,wpluma9@photobucket.com,Male,57.49.57.22,Florida,FL
371,Adriaens,Dorie,adorieaa@topsy.com,Female,133.178.167.253,Ohio,OH
372,Estrella,Beldom,ebeldomab@hc360.com,Female,185.176.76.254,California,CA
373,Binny,Abrami,babramiac@ca.gov,Female,10.245.181.255,West Virginia,WV
374,Raquel,Rown,rrownad@statcounter.com,Female,220.23.151.91,California,CA
375,Cordie,Hold,choldae@nhs.uk,Male,34.148.40.24,Maryland,MD
376,Phedra,McGown,pmcgownaf@ameblo.jp,Female,135.203.155.81,Indiana,IN
377,Kippar,Quinnelly,kquinnellyag@upenn.edu,Male,238.161.163.163,California,CA
378,Calley,Letertre,cletertreah@over-blog.com,Female,214.53.128.245,Colorado,CO
379,Kennan,Oxenden,koxendenai@addtoany.com,Male,192.254.23.233,New York,NY
380,Alyson,Bacop,abacopaj@epa.gov,Female,248.158.21.182,Michigan,MI
381,Erastus,Stains,estainsak@businesswire.com,Male,122.122.47.219,North Carolina,NC
382,Pate,Heephy,pheephyal@comcast.net,Male,81.136.108.17,Missouri,MO
383,Elijah,Dawidowitsch,edawidowitscham@cisco.com,Male,216.252.232.173,Virginia,VA
384,Cameron,McCurlye,cmccurlyean@washingtonpost.com,Male,65.202.77.61,Arizona,AZ
385,Kelsey,Seawell,kseawellao@wix.com,Male,161.251.198.116,New Hampshire,NH
386,Alessandro,Imorts,aimortsap@state.tx.us,Male,139.136.142.161,Arizona,AZ
387,Noami,Rumbelow,nrumbelowaq@ted.com,Female,81.48.241.35,Missouri,MO
388,Cicely,Veeler,cveelerar@de.vu,Female,168.168.51.58,Arkansas,AR
389,Mozes,Skehan,mskehanas@topsy.com,Male,46.153.182.143,Virginia,VA
390,Willabella,Duffell,wduffellat@desdev.cn,Female,53.123.109.21,Massachusetts,MA
391,Ray,Thurbon,rthurbonau@wikispaces.com,Female,47.70.56.23,Delaware,DE
392,Charley,Tsarovic,ctsarovicav@google.cn,Male,122.4.123.0,Illinois,IL
393,Freemon,Sawbridge,fsawbridgeaw@nymag.com,Male,252.83.25.218,Connecticut,CT
394,Bendick,Carlesso,bcarlessoax@constantcontact.com,Male,174.33.156.240,Texas,TX
395,Lisle,Treversh,ltrevershay@studiopress.com,Male,90.86.202.59,Arizona,AZ
396,Fanya,Corneljes,fcorneljesaz@webmd.com,Female,168.253.46.255,Florida,FL
397,Worthy,Malyon,wmalyonb0@bandcamp.com,Male,75.127.255.186,Florida,FL
398,Fred,Govan,fgovanb1@tinyurl.com,Female,213.198.96.8,Minnesota,MN
399,Karoline,Knyvett,kknyvettb2@yellowpages.com,Female,201.170.76.189,Minnesota,MN
400,Lilllie,Treadway,ltreadwayb3@artisteer.com,Female,223.37.244.176,Florida,FL
401,Annissa,Waddicor,awaddicorb4@mysql.com,Female,83.99.151.53,South Carolina,SC
402,Salim,Tacon,staconb5@wix.com,Male,29.113.17.196,District of Columbia,DC
403,Henrietta,Defraine,hdefraineb6@salon.com,Female,93.59.60.69,Florida,FL
404,Bathsheba,MacKonochie,bmackonochieb7@pen.io,Female,253.62.49.110,New Jersey,NJ
405,Montague,Greensall,mgreensallb8@hexun.com,Male,112.32.162.60,California,CA
406,Jolene,Miko,jmikob9@google.fr,Female,92.33.233.212,Illinois,IL
407,Jeanie,Miere,jmiereba@washington.edu,Female,127.129.192.245,New York,NY
408,Alvy,Durtnall,adurtnallbb@statcounter.com,Male,199.183.34.142,Oregon,OR
409,Catarina,Dran,cdranbc@sphinn.com,Female,109.2.159.84,Ohio,OH
410,Dulsea,Moorhead,dmoorheadbd@bandcamp.com,Female,84.218.233.82,South Carolina,SC
411,Kippar,Waddams,kwaddamsbe@discovery.com,Male,91.76.223.8,District of Columbia,DC
412,Dav,Tattoo,dtattoobf@tuttocitta.it,Male,247.133.29.100,California,CA
413,Chaunce,Plumm,cplummbg@scientificamerican.com,Male,169.0.5.142,Indiana,IN
414,Charyl,Fashion,cfashionbh@army.mil,Female,154.180.58.155,Texas,TX
415,Greg,Mower,gmowerbi@bbb.org,Male,120.96.252.254,California,CA
416,Hashim,Foskew,hfoskewbj@pen.io,Male,21.137.211.12,Virginia,VA
417,Marcile,Blabey,mblabeybk@mayoclinic.com,Female,104.186.81.226,Washington,WA
418,Tanner,Antuk,tantukbl@mozilla.org,Male,200.223.128.163,Nebraska,NE
419,Taffy,Lurriman,tlurrimanbm@macromedia.com,Female,78.195.152.20,Maryland,MD
420,Jacky,Meyer,jmeyerbn@wikia.com,Female,24.180.238.222,Florida,FL
421,Damara,De Filippo,ddefilippobo@seattletimes.com,Female,72.251.180.44,North Carolina,NC
422,Michele,Truder,mtruderbp@google.co.jp,Female,115.2.32.106,Florida,FL
423,Tally,Heinish,theinishbq@istockphoto.com,Male,15.122.44.245,Virginia,VA
424,Harley,Lillyman,hlillymanbr@umich.edu,Male,115.44.30.167,Texas,TX
425,Iorgo,Baudino,ibaudinobs@ftc.gov,Male,180.113.111.198,California,CA
426,Ronni,Kettlewell,rkettlewellbt@businessinsider.com,Female,195.56.95.215,Texas,TX
427,Norry,Culshaw,nculshawbu@cornell.edu,Female,92.211.45.184,Washington,WA
428,Rowena,Bettis,rbettisbv@bluehost.com,Female,31.28.174.14,Florida,FL
429,Mildrid,Pettigrew,mpettigrewbw@sciencedaily.com,Female,132.234.165.189,New York,NY
430,Stephannie,Cullip,scullipbx@live.com,Female,101.5.23.35,Florida,FL
431,Kurt,Geard,kgeardby@cocolog-nifty.com,Male,11.128.253.219,Florida,FL
432,Sterling,Lydford,slydfordbz@live.com,Male,33.190.149.74,Iowa,IA
433,Anderson,Auston,aaustonc0@answers.com,Male,199.47.201.144,Wisconsin,WI
434,Tori,Veschi,tveschic1@cisco.com,Female,60.172.149.135,Texas,TX
435,Eldin,Merring,emerringc2@cyberchimps.com,Male,193.231.250.62,Florida,FL
436,Cayla,Whitman,cwhitmanc3@cafepress.com,Female,242.195.137.112,Louisiana,LA
437,Abagail,Trimmill,atrimmillc4@jimdo.com,Female,213.85.139.223,New York,NY
438,Jorry,Trethowan,jtrethowanc5@linkedin.com,Female,223.227.28.239,Missouri,MO
439,Andeee,Denisevich,adenisevichc6@i2i.jp,Female,141.107.75.161,Washington,WA
440,Richardo,Burhill,rburhillc7@cnet.com,Male,205.132.192.171,California,CA
441,Starla,Marven,smarvenc8@macromedia.com,Female,171.228.183.81,Arizona,AZ
442,Tallie,Meadows,tmeadowsc9@nps.gov,Female,181.49.78.51,Florida,FL
443,Cam,Hixley,chixleyca@nytimes.com,Male,76.160.229.53,Ohio,OH
444,Dre,Laguerre,dlaguerrecb@va.gov,Female,26.237.103.138,Arkansas,AR
445,Dane,Kemell,dkemellcc@gov.uk,Male,109.192.4.100,Colorado,CO
446,Lindsy,Dudmesh,ldudmeshcd@trellian.com,Female,7.109.105.122,Florida,FL
447,Jim,Wythill,jwythillce@behance.net,Male,69.218.88.248,Kansas,KS
448,Yancy,Cusiter,ycusitercf@reference.com,Male,220.110.115.28,Kansas,KS
449,Jerrome,Gatecliff,jgatecliffcg@cargocollective.com,Male,5.43.136.86,District of Columbia,DC
450,Mireielle,Cox,mcoxch@pagesperso-orange.fr,Female,110.210.52.154,Florida,FL
451,Malanie,Bunstone,mbunstoneci@alibaba.com,Female,178.72.212.211,California,CA
452,Biddy,Taill,btaillcj@who.int,Female,102.128.193.8,Virginia,VA
453,Missie,Brightman,mbrightmanck@japanpost.jp,Female,206.237.119.203,Florida,FL
454,Isidore,Toothill,itoothillcl@1und1.de,Male,255.115.194.78,Minnesota,MN
455,Dana,Fendt,dfendtcm@shinystat.com,Male,11.44.197.73,Texas,TX
456,Lauryn,Mayhew,lmayhewcn@mozilla.org,Female,203.101.222.232,North Carolina,NC
457,Leoline,Trussler,ltrusslerco@domainmarket.com,Female,114.89.32.147,Michigan,MI
458,Antonietta,Stubbs,astubbscp@whitehouse.gov,Female,85.73.142.252,Virginia,VA
459,Sarette,Austen,saustencq@globo.com,Female,78.84.206.40,North Carolina,NC
460,Karmen,Lapham,klaphamcr@google.com.br,Female,54.223.217.50,Washington,WA
461,Shelba,Davis,sdaviscs@google.de,Female,39.62.165.217,Alabama,AL
462,Emmanuel,Sappson,esappsonct@cargocollective.com,Male,64.245.38.52,Georgia,GA
463,Izzy,Leathem,ileathemcu@loc.gov,Male,124.152.8.220,Florida,FL
464,Wallache,Leishman,wleishmancv@globo.com,Male,163.174.2.224,Illinois,IL
465,Marci,Mattimoe,mmattimoecw@unesco.org,Female,233.255.47.12,Texas,TX
466,Douglas,Fearne,dfearnecx@wikimedia.org,Male,9.225.254.177,Illinois,IL
467,Cameron,Castano,ccastanocy@godaddy.com,Male,117.241.49.91,Texas,TX
468,Twyla,Miklem,tmiklemcz@wisc.edu,Female,192.120.153.210,Michigan,MI
469,Keelia,Kix,kkixd0@unblog.fr,Female,210.141.150.5,Texas,TX
470,Sherm,Dougill,sdougilld1@washingtonpost.com,Male,30.193.12.131,Kentucky,KY
471,Nissy,Fluin,nfluind2@dion.ne.jp,Female,108.185.206.117,Ohio,OH
472,Leonardo,Larham,llarhamd3@163.com,Male,132.132.178.235,Virginia,VA
473,Miof mela,Rooke,mrooked4@qq.com,Female,240.192.48.183,Texas,TX
474,Lizzy,Damp,ldampd5@dropbox.com,Female,127.235.29.3,Pennsylvania,PA
475,Lemuel,Harradence,lharradenced6@multiply.com,Male,117.0.163.129,Texas,TX
476,Dagmar,MacConnell,dmacconnelld7@discuz.net,Female,154.128.107.183,Texas,TX
477,Beck,Harwick,bharwickd8@mit.edu,Male,129.30.226.246,Oklahoma,OK
478,Haleigh,Smolan,hsmoland9@blogs.com,Female,59.162.92.201,Florida,FL
479,Stephi,Heine,sheineda@samsung.com,Female,47.155.162.19,Virginia,VA
480,Napoleon,Idale,nidaledb@cam.ac.uk,Male,235.185.64.188,Texas,TX
481,Felicle,Cretney,fcretneydc@china.com.cn,Female,25.158.116.86,New York,NY
482,Roddy,Grichukhin,rgrichukhindd@npr.org,Male,140.26.205.86,West Virginia,WV
483,Karim,Kenington,kkeningtonde@hhs.gov,Male,30.201.119.226,Virginia,VA
484,Gordy,Chrispin,gchrispindf@live.com,Male,176.35.99.107,New York,NY
485,Sharai,Keerl,skeerldg@mapquest.com,Female,101.42.138.72,Texas,TX
486,Haily,Aymerich,haymerichdh@unc.edu,Male,78.242.252.6,Pennsylvania,PA
487,Todd,Cuddehy,tcuddehydi@chicagotribune.com,Male,223.214.177.48,California,CA
488,Renaud,Southerill,rsoutherilldj@cdbaby.com,Male,156.98.239.38,South Dakota,SD
489,Conan,Algeo,calgeodk@webmd.com,Male,170.47.192.156,North Carolina,NC
490,Jacob,Jaskowicz,jjaskowiczdl@artisteer.com,Male,236.50.119.115,New York,NY
491,Stefania,Crabtree,scrabtreedm@nydailynews.com,Female,116.56.2.138,California,CA
492,Laurena,Marzelli,lmarzellidn@canalblog.com,Female,77.139.81.232,California,CA
493,Fiann,MacVean,fmacveando@ucoz.ru,Female,229.13.194.194,Nebraska,NE
494,Marlow,Paulich,mpaulichdp@goo.gl,Male,162.244.217.173,Louisiana,LA
495,Ketti,Mussilli,kmussillidq@hc360.com,Female,102.147.207.38,Virginia,VA
496,Cloe,Rosenhaupt,crosenhauptdr@is.gd,Female,122.208.187.181,Ohio,OH
497,Kakalina,Gidney,kgidneyds@moonfruit.com,Female,39.17.82.226,Washington,WA
498,Riki,Drew,rdrewdt@delicious.com,Female,116.218.69.87,Mississippi,MS
499,Ginelle,Cackett,gcackettdu@blinklist.com,Female,15.5.242.150,Ohio,OH
500,Kati,Bromby,kbrombydv@hibu.com,Female,142.168.161.47,Texas,TX
501,Chalmers,Lusty,clustydw@usnews.com,Male,62.128.223.210,Oregon,OR
502,Melisse,Pardi,mpardidx@vistaprint.com,Female,247.134.229.185,District of Columbia,DC
503,Fred,Demanche,fdemanchedy@forbes.com,Female,23.60.107.198,Oklahoma,OK
504,Samson,Hulks,shulksdz@1und1.de,Male,138.90.222.155,Louisiana,LA
505,Cullie,McNeely,cmcneelye0@nymag.com,Male,147.103.26.97,Florida,FL
506,Lorna,Eefting,leeftinge1@comcast.net,Female,248.241.136.229,California,CA
507,Jolyn,Dybbe,jdybbee2@scientificamerican.com,Female,247.35.162.64,California,CA
508,Estelle,Newhouse,enewhousee3@go.com,Female,28.213.108.181,Texas,TX
509,Samuel,Kell,skelle4@usda.gov,Male,49.196.79.106,Virginia,VA
510,Jaquenetta,Iiannoni,jiiannonie5@usda.gov,Female,169.194.194.229,Utah,UT
511,Morgan,MacPaik,mmacpaike6@ftc.gov,Female,36.139.59.50,Colorado,CO
512,Liesa,Jozsef,ljozsefe7@slideshare.net,Female,46.218.207.218,Texas,TX
513,Zorah,Beddingham,zbeddinghame8@aol.com,Female,5.244.146.101,Nevada,NV
514,Consuelo,Cajkler,ccajklere9@apple.com,Female,169.141.189.79,Georgia,GA
515,Borg,Halkyard,bhalkyardea@infoseek.co.jp,Male,188.66.173.210,Connecticut,CT
516,Debi,Parcell,dparcelleb@soundcloud.com,Female,93.132.150.106,Virginia,VA
517,Theresa,Idenden,tidendenec@hhs.gov,Female,200.74.225.39,Pennsylvania,PA
518,Cecil,Belcher,cbelchered@jiathis.com,Male,237.112.93.248,Arkansas,AR
519,Meghann,Minto,mmintoee@qq.com,Female,20.193.248.24,California,CA
520,Sibylle,Scardifield,sscardifieldef@github.com,Female,255.197.242.24,California,CA
521,Cirillo,Farenden,cfarendeneg@list-manage.com,Male,42.108.131.126,New York,NY
522,Claudelle,Feldhuhn,cfeldhuhneh@prweb.com,Female,61.84.221.182,New York,NY
523,Aridatha,Braney,abraneyei@twitpic.com,Female,28.203.108.209,Florida,FL
524,Gayelord,Vallis,gvallisej@liveinternet.ru,Male,193.159.184.53,Florida,FL
525,Hope,Snewin,hsnewinek@dagondesign.com,Female,26.88.55.17,Georgia,GA
526,Elmer,Janda,ejandael@imdb.com,Male,249.5.214.11,California,CA
527,Brewer,Pitcher,bpitcherem@nhs.uk,Male,145.74.25.69,Illinois,IL
528,Reine,Caldroni,rcaldronien@slashdot.org,Female,214.141.69.46,Florida,FL
529,Neil,Glazebrook,nglazebrookeo@weather.com,Male,201.87.254.204,Michigan,MI
530,Farley,Djurisic,fdjurisicep@indiatimes.com,Male,3.210.52.167,Ohio,OH
531,Dody,Fayerbrother,dfayerbrothereq@i2i.jp,Female,164.131.45.16,Washington,WA
532,Rriocard,Playhill,rplayhiller@mediafire.com,Male,97.255.89.66,California,CA
533,Addy,Prowting,aprowtinges@china.com.cn,Female,152.198.43.32,Kansas,KS
534,Melvin,Terrill,mterrillet@bloomberg.com,Male,25.189.4.36,District of Columbia,DC
535,Ariel,Broszkiewicz,abroszkiewiczeu@joomla.org,Female,48.92.196.121,Iowa,IA
536,Pancho,Brakespear,pbrakespearev@cbc.ca,Male,142.198.174.56,California,CA
537,Vanya,Popple,vpoppleew@cnn.com,Male,163.240.43.151,Texas,TX
538,Axel,Whitehead,awhiteheadex@princeton.edu,Male,185.207.107.0,Florida,FL
539,Abbe,Blinder,ablinderey@blogs.com,Male,126.145.34.223,Virginia,VA
540,Horatio,Leblanc,hleblancez@google.cn,Male,100.84.251.11,Pennsylvania,PA
541,Annalee,Rappoport,arappoportf0@sphinn.com,Female,190.129.238.63,New Mexico,NM
542,Eustace,Jollie,ejollief1@china.com.cn,Male,0.255.109.144,Texas,TX
543,Nevil,Angrick,nangrickf2@dailymail.co.uk,Male,51.206.103.195,Colorado,CO
544,Mack,Ruddell,mruddellf3@chicagotribune.com,Male,251.240.153.114,Missouri,MO
545,Kristofor,Sivyour,ksivyourf4@cyberchimps.com,Male,123.252.32.65,Oklahoma,OK
546,Shea,Petschel,spetschelf5@nymag.com,Male,180.232.120.94,Texas,TX
547,Jedediah,Stroobant,jstroobantf6@go.com,Male,232.112.113.73,Washington,WA
548,Ilysa,Leathers,ileathersf7@yahoo.co.jp,Female,19.75.120.85,Colorado,CO
549,Allin,Biasioni,abiasionif8@spiegel.de,Male,203.125.248.212,Texas,TX
550,Vicky,Bamb,vbambf9@sbwire.com,Female,204.165.222.149,Minnesota,MN
551,Demott,Petrovykh,dpetrovykhfa@cpanel.net,Male,144.197.191.32,Utah,UT
552,Scot,Dyble,sdyblefb@illinois.edu,Male,163.191.213.178,Illinois,IL
553,Tybie,Cristofori,tcristoforifc@ted.com,Female,138.172.234.204,Minnesota,MN
554,Rochell,Selman,rselmanfd@reference.com,Female,129.69.111.251,Arizona,AZ
555,Wenda,Livingstone,wlivingstonefe@chronoengine.com,Female,168.131.159.73,New York,NY
556,Paolo,Drewet,pdrewetff@howstuffworks.com,Male,92.159.46.88,Oklahoma,OK
557,Peggi,Nezey,pnezeyfg@meetup.com,Female,228.127.47.192,District of Columbia,DC
558,Dewey,Renshell,drenshellfh@plala.or.jp,Male,196.216.62.94,Missouri,MO
559,Leonardo,Janisson,ljanissonfi@rediff.com,Male,139.194.148.206,Arizona,AZ
560,Talya,Winchcum,twinchcumfj@theatlantic.com,Female,202.13.53.240,District of Columbia,DC
561,Edmon,Lockton,elocktonfk@eventbrite.com,Male,61.1.12.123,Virginia,VA
562,Nikolos,Palser,npalserfl@oaic.gov.au,Male,215.153.17.119,Alabama,AL
563,Baldwin,McMichael,bmcmichaelfm@pbs.org,Male,130.154.97.9,New York,NY
564,Evangeline,Keston,ekestonfn@ameblo.jp,Female,65.33.166.18,Kentucky,KY
565,Rowney,Doblin,rdoblinfo@harvard.edu,Male,194.1.106.138,Virginia,VA
566,Ema,Balsdone,ebalsdonefp@elegantthemes.com,Female,107.142.142.57,California,CA
567,Kari,Saffer,ksafferfq@discovery.com,Female,173.226.208.49,Utah,UT
568,Neils,Vawton,nvawtonfr@themeforest.net,Male,6.219.30.145,Tennessee,TN
569,Valry,Gow,vgowfs@jigsy.com,Female,224.71.77.108,Nevada,NV
570,Steward,Huntingford,shuntingfordft@dropbox.com,Male,254.174.180.100,New Jersey,NJ
571,Deborah,Blundan,dblundanfu@twitter.com,Female,171.206.208.131,Arizona,AZ
572,Selma,Duffan,sduffanfv@sphinn.com,Female,4.161.45.13,South Carolina,SC
573,Ana,Latta,alattafw@cnbc.com,Female,217.40.225.19,Pennsylvania,PA
574,Godwin,Goodanew,ggoodanewfx@weebly.com,Male,194.178.64.133,Illinois,IL
575,Tiena,Weins,tweinsfy@admin.ch,Female,13.54.207.9,North Carolina,NC
576,Remy,Pickard,rpickardfz@netscape.com,Female,42.82.60.19,California,CA
577,Willem,Swanwick,wswanwickg0@odnoklassniki.ru,Male,244.19.38.31,Nevada,NV
578,Frazier,Wiggington,fwiggingtong1@dmoz.org,Male,24.157.94.157,Texas,TX
579,Lynde,Worstall,lworstallg2@umn.edu,Female,133.227.214.116,Indiana,IN
580,Chlo,Allberry,callberryg3@diigo.com,Female,132.217.251.136,Florida,FL
581,Gallard,Eveleigh,geveleighg4@gmpg.org,Male,12.129.141.116,Minnesota,MN
582,Sibylla,Greatbank,sgreatbankg5@devhub.com,Female,218.60.80.186,Alabama,AL
583,Ermina,Hobgen,ehobgeng6@behance.net,Female,39.20.254.25,New Jersey,NJ
584,Erny,Handford,ehandfordg7@icio.us,Male,181.230.138.132,New York,NY
585,Vale,Tripony,vtriponyg8@shareasale.com,Female,109.250.237.1,California,CA
586,Francklyn,Jays,fjaysg9@oaic.gov.au,Male,27.51.50.233,Massachusetts,MA
587,Harli,Forcer,hforcerga@list-manage.com,Female,66.107.178.11,Georgia,GA
588,Elias,Milkin,emilkingb@foxnews.com,Male,210.43.105.167,Alabama,AL
589,Martainn,Hainning,mhainninggc@biblegateway.com,Male,60.54.188.151,Arizona,AZ
590,Myrta,Endrici,mendricigd@addthis.com,Female,64.228.184.12,Illinois,IL
591,Paulie,Kembry,pkembryge@cbslocal.com,Male,92.121.9.54,Ohio,OH
592,Jacinthe,Casbourne,jcasbournegf@imgur.com,Female,228.2.169.96,New York,NY
593,Brenden,Minto,bmintogg@newsvine.com,Male,245.208.50.217,Ohio,OH
594,Hadrian,De La Hay,hdelahaygh@lulu.com,Male,176.102.62.141,Pennsylvania,PA
595,Gisella,Bloschke,gbloschkegi@wikimedia.org,Female,38.134.22.190,Delaware,DE
596,Guillema,Sketh,gskethgj@printfriendly.com,Female,246.74.44.5,Louisiana,LA
597,Riccardo,Offer,roffergk@xrea.com,Male,172.61.49.41,New York,NY
598,Dion,Measom,dmeasomgl@shinystat.com,Male,116.160.226.7,Virginia,VA
599,Ansel,Itzkovich,aitzkovichgm@1und1.de,Male,59.16.75.117,Texas,TX
600,Lamond,Fergusson,lfergussongn@amazonaws.com,Male,251.44.247.40,Florida,FL
601,Mara,Leivesley,mleivesleygo@oracle.com,Female,10.93.196.211,North Carolina,NC
602,Biddy,Gouda,bgoudagp@amazon.co.uk,Female,40.132.84.23,Texas,TX
603,Carny,Emmanueli,cemmanueligq@smh.com.au,Male,142.236.106.151,Washington,WA
604,Kimbra,Waldocke,kwaldockegr@fotki.com,Female,46.53.52.75,New Jersey,NJ
605,Amabelle,Coleiro,acoleirogs@joomla.org,Female,9.128.79.195,Illinois,IL
606,Colene,Murdie,cmurdiegt@dedecms.com,Female,128.47.125.26,Florida,FL
607,Floris,Sibley,fsibleygu@uol.com.br,Female,204.157.240.77,North Carolina,NC
608,Barty,Osbaldstone,bosbaldstonegv@weather.com,Male,229.77.42.15,Texas,TX
609,Ashia,Zucker,azuckergw@behance.net,Female,37.33.253.1,Texas,TX
610,Chickie,Eyles,ceylesgx@apple.com,Male,84.180.6.202,North Carolina,NC
611,Joyan,Blaes,jblaesgy@ustream.tv,Female,12.64.139.225,California,CA
612,Lucilia,Tibbles,ltibblesgz@sitemeter.com,Female,236.245.70.160,Massachusetts,MA
613,Marietta,Lyste,mlysteh0@cnet.com,Male,190.241.8.205,New York,NY
614,Arlen,Von Welden,avonweldenh1@delicious.com,Male,185.2.71.127,Louisiana,LA
615,Cleve,Giacomelli,cgiacomellih2@gnu.org,Male,17.150.35.109,Georgia,GA
616,Sidoney,Aslott,saslotth3@reference.com,Female,59.252.85.62,Georgia,GA
617,Ali,Kilbane,akilbaneh4@1688.com,Female,186.103.168.163,Nevada,NV
618,Ester,Romke,eromkeh5@purevolume.com,Female,150.240.55.208,Oklahoma,OK
619,Barbi,Dawidman,bdawidmanh6@123-reg.co.uk,Female,52.52.44.137,Colorado,CO
620,Lane,Beinke,lbeinkeh7@deliciousdays.com,Female,222.153.3.208,Florida,FL
621,Tanhya,Ritchie,tritchieh8@weibo.com,Female,131.70.231.170,New Jersey,NJ
622,Hagan,O'Reagan,horeaganh9@deviantart.com,Male,184.48.138.108,Texas,TX
623,Rahal,Rolley,rrolleyha@imageshack.us,Female,70.93.65.68,Ohio,OH
624,Eadith,Marshalleck,emarshalleckhb@ameblo.jp,Female,58.53.238.236,Colorado,CO
625,Edgar,Aguilar,eaguilarhc@newsvine.com,Male,243.81.203.222,Texas,TX
626,Stephen,Blaszczynski,sblaszczynskihd@china.com.cn,Male,37.227.24.110,North Dakota,ND
627,Gerrie,Wrightham,gwrighthamhe@dailymotion.com,Male,40.30.102.131,Texas,TX
628,Charla,McCree,cmccreehf@dyndns.org,Female,253.172.156.143,North Carolina,NC
629,Rubina,Presnell,rpresnellhg@sitemeter.com,Female,37.198.192.54,Michigan,MI
630,Annnora,Ollivierre,aollivierrehh@sphinn.com,Female,24.158.65.148,Texas,TX
631,Hana,Zuanazzi,hzuanazzihi@4shared.com,Female,206.37.120.18,Texas,TX
632,Barny,Necrews,bnecrewshj@creativecommons.org,Male,190.212.225.58,North Dakota,ND
633,Gilburt,Cowmeadow,gcowmeadowhk@ox.ac.uk,Male,16.22.73.128,Florida,FL
634,Derron,Faiers,dfaiershl@slideshare.net,Male,74.134.170.160,Colorado,CO
635,Clemmie,Rulf,crulfhm@utexas.edu,Female,116.200.0.177,Kentucky,KY
636,Yulma,Mitchinson,ymitchinsonhn@sogou.com,Male,52.248.85.78,Texas,TX
637,Ann-marie,Sangar,asangarho@house.gov,Female,99.212.210.173,Florida,FL
638,Isabel,Goldthorpe,igoldthorpehp@aboutads.info,Female,39.91.118.186,Louisiana,LA
639,Palmer,Durtnel,pdurtnelhq@list-manage.com,Male,16.255.9.243,Virginia,VA
640,Lorant,Haliday,lhalidayhr@ezinearticles.com,Male,219.29.25.177,Missouri,MO
641,Stearn,Drennan,sdrennanhs@alibaba.com,Male,31.150.181.220,Texas,TX
642,Blondell,Knightley,bknightleyht@gnu.org,Female,94.67.217.152,Texas,TX
643,Pierce,Antognoni,pantognonihu@state.tx.us,Male,159.159.115.30,Pennsylvania,PA
644,Anthiathia,Clemens,aclemenshv@wordpress.org,Female,208.206.223.128,New York,NY
645,Clerc,Goldsbury,cgoldsburyhw@i2i.jp,Male,255.219.137.36,Florida,FL
646,Terri-jo,Kehri,tkehrihx@so-net.ne.jp,Female,49.240.206.25,Texas,TX
647,Beth,Haccleton,bhaccletonhy@sciencedirect.com,Female,161.154.112.119,California,CA
648,Ibbie,Vinten,ivintenhz@nymag.com,Female,33.48.215.227,Nevada,NV
649,Elysha,Cosgrove,ecosgrovei0@apple.com,Female,105.181.192.113,California,CA
650,Pete,Jurzyk,pjurzyki1@ca.gov,Male,1.107.231.33,Oklahoma,OK
651,Fionnula,Biaggetti,fbiaggettii2@trellian.com,Female,58.115.216.183,Minnesota,MN
652,Katey,Haggus,khaggusi3@squarespace.com,Female,251.252.90.56,Maryland,MD
653,Kory,Channon,kchannoni4@nih.gov,Male,163.40.62.191,District of Columbia,DC
654,Jeane,McCrossan,jmccrossani5@so-net.ne.jp,Female,227.10.44.183,Massachusetts,MA
655,Biron,Margerison,bmargerisoni6@imdb.com,Male,133.29.36.123,Wisconsin,WI
656,Fifine,Munsey,fmunseyi7@cisco.com,Female,174.148.42.244,Kentucky,KY
657,Immanuel,Talks,italksi8@prweb.com,Male,212.150.25.42,Colorado,CO
658,Ingmar,Soares,isoaresi9@nymag.com,Male,164.161.220.105,Georgia,GA
659,Olia,Oldcote,ooldcoteia@businessinsider.com,Female,27.111.175.160,Texas,TX
660,Lonnard,Udden,luddenib@ezinearticles.com,Male,6.47.203.56,Nevada,NV
661,Ahmad,Bille,abilleic@loc.gov,Male,242.222.114.32,Virginia,VA
662,Randi,Sloley,rsloleyid@phoca.cz,Female,35.241.59.107,Texas,TX
663,Marleen,Coe,mcoeie@house.gov,Female,216.55.125.166,Hawaii,HI
664,Matty,Daton,mdatonif@google.com.au,Female,186.99.24.123,Kansas,KS
665,Carry,McGonnell,cmcgonnellig@cyberchimps.com,Female,128.212.254.24,Florida,FL
666,Aldridge,Risbie,arisbieih@google.de,Male,4.233.125.201,Nevada,NV
667,Dew,Sherratt,dsherrattii@cam.ac.uk,Male,28.129.247.174,Nebraska,NE
668,Brad,Cajkler,bcajklerij@imageshack.us,Male,185.226.232.153,North Dakota,ND
669,Marnie,Bryns,mbrynsik@reddit.com,Female,129.166.32.91,Texas,TX
670,Pace,Kenset,pkensetil@cdbaby.com,Male,46.255.63.58,Louisiana,LA
671,Waverly,Gilbank,wgilbankim@cnbc.com,Male,35.29.138.10,Iowa,IA
672,Diane-marie,Matyukon,dmatyukonin@chron.com,Female,59.89.141.73,Missouri,MO
673,Cordey,Ruberry,cruberryio@altervista.org,Female,18.224.240.14,California,CA
674,Yvon,Benediktsson,ybenediktssonip@soup.io,Male,236.106.198.197,Colorado,CO
675,Tripp,Craney,tcraneyiq@newyorker.com,Male,30.178.250.42,Florida,FL
676,Shaine,Perrottet,sperrottetir@opera.com,Male,247.53.106.190,Alabama,AL
677,Mortie,Ramiro,mramirois@eepurl.com,Male,161.249.94.206,Colorado,CO
678,Andrew,Lauritzen,alauritzenit@yelp.com,Male,123.67.41.210,Missouri,MO
679,Vania,Starbeck,vstarbeckiu@yellowpages.com,Female,102.224.155.169,Texas,TX
680,Noami,Dews,ndewsiv@theatlantic.com,Female,63.10.164.226,Iowa,IA
681,Ari,Reichartz,areichartziw@unesco.org,Male,168.54.40.9,Ohio,OH
682,Reiko,Tregenza,rtregenzaix@wunderground.com,Female,156.141.138.238,Connecticut,CT
683,Reuven,Nellen,rnelleniy@google.co.jp,Male,66.173.48.151,Texas,TX
684,Analiese,Adamkiewicz,aadamkiewicziz@istockphoto.com,Female,31.62.247.71,Indiana,IN
685,Mohandas,McNeice,mmcneicej0@newsvine.com,Male,3.223.102.44,Missouri,MO
686,Rutter,Hearnaman,rhearnamanj1@sina.com.cn,Male,201.229.98.169,Virginia,VA
687,Mandi,Tremellan,mtremellanj2@behance.net,Female,1.80.134.40,Tennessee,TN
688,Bren,Ellen,bellenj3@angelfire.com,Female,202.48.163.25,Florida,FL
689,Daveta,Bassingham,dbassinghamj4@bandcamp.com,Female,72.193.136.142,Maryland,MD
690,Nikolai,Cypler,ncyplerj5@rakuten.co.jp,Male,87.49.175.164,Virginia,VA
691,Catherine,Ventris,cventrisj6@upenn.edu,Female,64.220.183.167,Tennessee,TN
692,Odessa,Wayvill,owayvillj7@lycos.com,Female,88.47.16.128,Oklahoma,OK
693,Marika,Miebes,mmiebesj8@wordpress.org,Female,90.120.23.236,Virginia,VA
694,Sid,Feavers,sfeaversj9@hp.com,Male,220.59.152.204,Michigan,MI
695,Emelia,Perham,eperhamja@techcrunch.com,Female,170.161.77.47,Ohio,OH
696,Rowe,Willmer,rwillmerjb@mapquest.com,Female,54.195.172.1,Texas,TX
697,Waly,Hackworthy,whackworthyjc@hexun.com,Female,193.140.210.173,Colorado,CO
698,Doe,Comberbeach,dcomberbeachjd@surveymonkey.com,Female,80.104.238.110,Illinois,IL
699,Barty,Fountaine,bfountaineje@altervista.org,Male,50.94.116.85,Ohio,OH
700,Aluin,Pablo,apablojf@google.co.jp,Male,100.32.76.39,Maryland,MD
701,Bendite,Battisson,bbattissonjg@foxnews.com,Female,169.73.151.228,Florida,FL
702,Urbain,Awdry,uawdryjh@blog.com,Male,142.154.110.237,Virginia,VA
703,Nonie,Reucastle,nreucastleji@4shared.com,Female,125.129.230.204,Delaware,DE
704,Pace,Spadaro,pspadarojj@ezinearticles.com,Male,188.224.220.56,California,CA
705,Matilde,Ziem,mziemjk@domainmarket.com,Female,140.63.61.204,New Jersey,NJ
706,Hazel,Ventom,hventomjl@chronoengine.com,Male,255.14.41.161,Florida,FL
707,Antonio,Brownsworth,abrownsworthjm@digg.com,Male,216.166.100.57,Nebraska,NE
708,Elvina,Brayson,ebraysonjn@sina.com.cn,Female,89.1.146.98,Florida,FL
709,Erin,Hintze,ehintzejo@princeton.edu,Male,39.21.226.250,Illinois,IL
710,Clemmie,Epelett,cepelettjp@sohu.com,Male,10.248.243.181,Illinois,IL
711,Torrie,Burfitt,tburfittjq@umich.edu,Female,74.115.218.168,Virginia,VA
712,Roby,Dowson,rdowsonjr@google.com,Female,82.165.181.248,North Carolina,NC
713,Caddric,Fley,cfleyjs@columbia.edu,Male,107.191.120.138,New York,NY
714,Kettie,Tandey,ktandeyjt@de.vu,Female,165.169.210.224,Ohio,OH
715,Stafani,Drillingcourt,sdrillingcourtju@indiegogo.com,Female,26.7.243.105,Arizona,AZ
716,Anissa,Girardey,agirardeyjv@themeforest.net,Female,69.215.22.94,Colorado,CO
717,Reina,Reskelly,rreskellyjw@gov.uk,Female,193.39.94.41,California,CA
718,Mathias,O'Mailey,momaileyjx@spiegel.de,Male,110.238.225.63,District of Columbia,DC
719,Adrianna,Potter,apotterjy@liveinternet.ru,Female,150.54.88.113,Texas,TX
720,Annabel,Wolfinger,awolfingerjz@pagesperso-orange.fr,Female,243.194.207.57,Ohio,OH
721,Dar,Raine,drainek0@meetup.com,Male,30.93.4.216,New Mexico,NM
722,Minda,Huddles,mhuddlesk1@whitehouse.gov,Female,19.119.94.61,Washington,WA
723,Pail,Dibdale,pdibdalek2@live.com,Male,55.66.3.27,California,CA
724,Patrice,Parnell,pparnellk3@marketwatch.com,Male,2.145.242.41,Arizona,AZ
725,Jean,Girardin,jgirardink4@bloglines.com,Female,98.138.80.217,Michigan,MI
726,Shepard,Doige,sdoigek5@dailymail.co.uk,Male,30.100.68.142,Texas,TX
727,Correy,Dundridge,cdundridgek6@reverbnation.com,Male,147.174.196.70,District of Columbia,DC
728,Carmen,Harback,charbackk7@moonfruit.com,Female,178.244.81.42,California,CA
729,Maura,Probate,mprobatek8@weibo.com,Female,83.46.40.183,District of Columbia,DC
730,Sansone,Joslow,sjoslowk9@cyberchimps.com,Male,254.142.22.65,Virginia,VA
731,Fara,Yushkov,fyushkovka@webmd.com,Female,201.205.146.55,Michigan,MI
732,Vonni,Dawidowitsch,vdawidowitschkb@devhub.com,Female,211.147.164.108,North Carolina,NC
733,Gerardo,Broseman,gbrosemankc@yahoo.co.jp,Male,116.51.196.139,Maine,ME
734,Guendolen,Ralestone,gralestonekd@omniture.com,Female,80.57.233.134,North Carolina,NC
735,Erroll,Dews,edewske@shop-pro.jp,Male,201.201.246.247,Michigan,MI
736,Kerry,Edward,kedwardkf@sfgate.com,Female,169.31.98.219,California,CA
737,Barbabra,Cawcutt,bcawcuttkg@hostgator.com,Female,12.29.25.212,Illinois,IL
738,Spencer,Lavallin,slavallinkh@google.it,Male,30.29.163.31,Mississippi,MS
739,Francoise,Perigeaux,fperigeauxki@washington.edu,Female,48.71.13.238,Michigan,MI
740,Essie,Shinfield,eshinfieldkj@earthlink.net,Female,44.200.151.230,Texas,TX
741,Gail,Abbitt,gabbittkk@whitehouse.gov,Female,2.246.24.53,Kansas,KS
742,Bail,Straneo,bstraneokl@rakuten.co.jp,Male,114.101.121.12,Georgia,GA
743,Giulio,Cobelli,gcobellikm@va.gov,Male,185.191.233.188,Mississippi,MS
744,Saleem,Croydon,scroydonkn@indiatimes.com,Male,2.212.151.50,Texas,TX
745,Zara,Ivanenko,zivanenkoko@ucla.edu,Female,26.206.118.254,Ohio,OH
746,Willow,Fowell,wfowellkp@issuu.com,Female,155.241.40.190,New Mexico,NM
747,Darin,Bernth,dbernthkq@constantcontact.com,Male,4.214.15.141,New York,NY
748,Aurlie,Moncaster,amoncasterkr@gov.uk,Female,187.153.179.100,California,CA
749,Brandyn,Yeowell,byeowellks@oaic.gov.au,Male,191.41.76.42,Illinois,IL
750,Eliot,Cotillard,ecotillardkt@msu.edu,Male,49.222.184.147,Washington,WA
751,Case,Queenborough,cqueenboroughku@unc.edu,Male,251.32.152.176,Iowa,IA
752,Niko,Jeandillou,njeandilloukv@desdev.cn,Male,255.81.198.49,Rhode Island,RI
753,Avie,Kirrage,akirragekw@cmu.edu,Female,114.87.95.245,Florida,FL
754,Belvia,Topes,btopeskx@hexun.com,Female,192.90.147.243,South Carolina,SC
755,Ashly,Danbury,adanburyky@elegantthemes.com,Female,52.179.176.138,California,CA
756,Olivier,Seal,osealkz@pinterest.com,Male,68.237.121.174,Illinois,IL
757,Ario,Le Prevost,aleprevostl0@ucsd.edu,Male,3.33.187.104,Arkansas,AR
758,Alley,Linforth,alinforthl1@chronoengine.com,Male,175.7.71.77,Colorado,CO
759,Marya,Tuttle,mtuttlel2@wp.com,Female,164.229.20.112,Minnesota,MN
760,Robyn,Scade,rscadel3@drupal.org,Female,36.39.94.35,Texas,TX
761,Timothy,Tubbles,ttubblesl4@furl.net,Male,162.214.143.223,Louisiana,LA
762,Candi,Fallens,cfallensl5@usgs.gov,Female,133.167.222.107,Arizona,AZ
763,Adolphe,Janouch,ajanouchl6@mtv.com,Male,165.129.178.184,Kansas,KS
764,Tanner,Philippard,tphilippardl7@studiopress.com,Male,242.230.112.35,North Carolina,NC
765,Jess,Beloe,jbeloel8@hibu.com,Female,39.79.84.193,Virginia,VA
766,Lela,Thumann,lthumannl9@comcast.net,Female,243.5.76.188,Virginia,VA
767,Claudetta,Plume,cplumela@ehow.com,Female,107.246.225.172,Georgia,GA
768,Mitchael,Scrimshaw,mscrimshawlb@quantcast.com,Male,207.3.74.155,Georgia,GA
769,Rriocard,Putten,rputtenlc@mtv.com,Male,112.157.67.77,District of Columbia,DC
770,Lotta,Keilloh,lkeillohld@abc.net.au,Female,38.198.180.79,Texas,TX
771,Janet,Keyden,jkeydenle@tumblr.com,Female,223.113.32.209,Texas,TX
772,Adorne,Capes,acapeslf@marriott.com,Female,216.40.37.60,Mississippi,MS
773,Rita,Creamen,rcreamenlg@tinypic.com,Female,87.114.93.17,Nebraska,NE
774,Burnaby,Salsbury,bsalsburylh@trellian.com,Male,215.45.36.45,California,CA
775,Rupert,Bearns,rbearnsli@google.com.hk,Male,6.45.124.103,Florida,FL
776,Mira,Bruinemann,mbruinemannlj@loc.gov,Female,114.23.17.142,District of Columbia,DC
777,Muffin,Ortiger,mortigerlk@salon.com,Female,237.24.62.36,Utah,UT
778,Selle,Densie,sdensiell@last.fm,Female,187.179.70.80,Montana,MT
779,Melanie,Peebles,mpeebleslm@craigslist.org,Female,240.218.226.240,Ohio,OH
780,Phelia,Jehaes,pjehaesln@behance.net,Female,103.110.73.144,Virginia,VA
781,Kelcy,Neilly,kneillylo@studiopress.com,Female,178.106.240.31,Michigan,MI
782,Corie,Hewertson,chewertsonlp@forbes.com,Female,30.129.167.37,Nebraska,NE
783,Amalia,Sitlinton,asitlintonlq@ebay.co.uk,Female,195.204.204.96,Pennsylvania,PA
784,Papagena,Dunsford,pdunsfordlr@xinhuanet.com,Female,18.159.125.104,Pennsylvania,PA
785,Boigie,Gracey,bgraceyls@lulu.com,Male,108.183.144.5,California,CA
786,Garey,Quinney,gquinneylt@parallels.com,Male,105.41.126.248,Arizona,AZ
787,Murdoch,Newham,mnewhamlu@woothemes.com,Male,133.82.87.7,Oregon,OR
788,Carrissa,Blair,cblairlv@hud.gov,Female,43.169.7.69,Virginia,VA
789,Laney,Safell,lsafelllw@zdnet.com,Female,15.70.235.204,North Carolina,NC
790,Eydie,Softley,esoftleylx@cnet.com,Female,102.1.231.165,Colorado,CO
791,Donn,Dufall,ddufallly@liveinternet.ru,Male,105.139.131.240,Colorado,CO
792,Catherin,Whitman,cwhitmanlz@amazon.com,Female,21.71.159.14,South Carolina,SC
793,Libby,Brabyn,lbrabynm0@instagram.com,Female,140.137.113.150,Ohio,OH
794,Cecilla,Lelliott,clelliottm1@businesswire.com,Female,51.153.249.174,Alaska,AK
795,Aurea,Ciccottini,aciccottinim2@fda.gov,Female,122.203.61.150,Texas,TX
796,Gustav,Harmant,gharmantm3@free.fr,Male,60.113.165.156,Arizona,AZ
797,Paul,Garthshore,pgarthshorem4@nbcnews.com,Male,7.162.15.179,Pennsylvania,PA
798,Leoine,Renault,lrenaultm5@godaddy.com,Female,86.60.127.55,Nevada,NV
799,Christophe,Grewar,cgrewarm6@ftc.gov,Male,18.101.190.214,Louisiana,LA
800,Blanch,Daulton,bdaultonm7@paginegialle.it,Female,210.241.244.0,Illinois,IL
801,Gray,Manion,gmanionm8@bing.com,Female,117.205.90.76,District of Columbia,DC
802,Germain,Callard,gcallardm9@yahoo.co.jp,Female,228.10.174.10,Colorado,CO
803,Pearce,Maccari,pmaccarima@sun.com,Male,31.84.8.250,California,CA
804,Terencio,Downham,tdownhammb@tumblr.com,Male,185.187.190.72,Massachusetts,MA
805,Elspeth,Easey,eeaseymc@discovery.com,Female,185.175.212.56,Alabama,AL
806,Daniel,Ginsie,dginsiemd@elegantthemes.com,Male,67.1.145.125,Illinois,IL
807,Roderigo,Plinck,rplinckme@va.gov,Male,123.239.78.158,District of Columbia,DC
808,Dimitry,Gamlin,dgamlinmf@senate.gov,Male,254.18.199.135,New Jersey,NJ
809,Galen,Simko,gsimkomg@state.tx.us,Male,193.139.150.202,District of Columbia,DC
810,Udall,Wallen,uwallenmh@51.la,Male,115.22.224.87,New York,NY
811,Adolf,Bluck,abluckmi@bizjournals.com,Male,82.19.207.212,Florida,FL
812,Wildon,Von Oertzen,wvonoertzenmj@i2i.jp,Male,130.172.216.38,California,CA
813,Willdon,Murdie,wmurdiemk@spiegel.de,Male,238.96.160.54,Texas,TX
814,Marys,Shackesby,mshackesbyml@kickstarter.com,Female,145.200.234.9,North Carolina,NC
815,Carry,Keohane,ckeohanemm@shop-pro.jp,Female,75.109.50.68,Texas,TX
816,Ian,Arpur,iarpurmn@angelfire.com,Male,110.19.240.226,Colorado,CO
817,Sherye,Cantillon,scantillonmo@businesswire.com,Female,119.100.191.91,Alaska,AK
818,Jerry,McAllister,jmcallistermp@soup.io,Male,38.9.79.227,Indiana,IN
819,Corbet,Jealous,cjealousmq@ovh.net,Male,248.54.36.218,Louisiana,LA
820,Jehanna,Ratke,jratkemr@msu.edu,Female,9.89.38.159,Virginia,VA
821,Forest,Thorowgood,fthorowgoodms@dion.ne.jp,Male,54.127.207.168,North Carolina,NC
822,Roderich,Quigley,rquigleymt@hostgator.com,Male,190.60.177.154,Pennsylvania,PA
823,Merle,Orrin,morrinmu@redcross.org,Female,82.244.242.171,Arkansas,AR
824,Brien,Bower,bbowermv@nyu.edu,Male,222.246.52.142,Kansas,KS
825,Wylie,Woodcraft,wwoodcraftmw@sciencedirect.com,Male,169.27.126.104,California,CA
826,Emiline,Giacomo,egiacomomx@xinhuanet.com,Female,42.171.251.47,Kentucky,KY
827,Porty,O'Lahy,polahymy@google.com.au,Male,237.204.105.235,Colorado,CO
828,Fernando,Costy,fcostymz@wunderground.com,Male,105.25.117.166,Texas,TX
829,Hazlett,Klyn,hklynn0@nba.com,Male,175.77.220.18,Alaska,AK
830,Horton,Matuszkiewicz,hmatuszkiewiczn1@meetup.com,Male,86.219.8.83,New York,NY
831,Debbi,Giacovazzo,dgiacovazzon2@earthlink.net,Female,107.67.131.236,Georgia,GA
832,Celestina,Castaneda,ccastanedan3@indiegogo.com,Female,177.8.51.66,Ohio,OH
833,Allie,Stoppe,astoppen4@vk.com,Female,217.155.124.214,Florida,FL
834,Brett,Swanbourne,bswanbournen5@quantcast.com,Female,5.104.186.188,Texas,TX
835,Annmaria,Van Son,avansonn6@walmart.com,Female,113.30.164.162,North Carolina,NC
836,Barbabra,Dalloway,bdallowayn7@columbia.edu,Female,157.25.212.76,California,CA
837,Bili,Patkin,bpatkinn8@rakuten.co.jp,Female,220.65.249.84,Tennessee,TN
838,Nolie,Brussels,nbrusselsn9@bloglovin.com,Female,144.72.27.163,Louisiana,LA
839,Shelden,Pitcaithley,spitcaithleyna@seattletimes.com,Male,192.187.180.19,Missouri,MO
840,Gerrie,Kilgallon,gkilgallonnb@who.int,Female,169.29.71.181,Pennsylvania,PA
841,Lee,Brawley,lbrawleync@oakley.com,Female,254.67.64.56,Missouri,MO
842,Julissa,Jacketts,jjackettsnd@github.com,Female,246.129.175.33,Ohio,OH
843,Elyssa,Stud,estudne@etsy.com,Female,179.222.168.173,California,CA
844,Somerset,Giorgeschi,sgiorgeschinf@virginia.edu,Male,30.253.194.101,Louisiana,LA
845,Devlen,Siflet,dsifletng@netscape.com,Male,11.170.177.68,Virginia,VA
846,Lauritz,Cressingham,lcressinghamnh@topsy.com,Male,65.80.95.253,California,CA
847,Tammy,Vosse,tvosseni@house.gov,Male,29.198.190.96,Virginia,VA
848,Ferguson,Beastall,fbeastallnj@springer.com,Male,80.233.139.16,Louisiana,LA
849,Lynea,Mac,lmacnk@foxnews.com,Female,160.52.24.29,South Carolina,SC
850,Dara,Juszkiewicz,djuszkiewicznl@illinois.edu,Female,177.36.189.220,Illinois,IL
851,Gilbertina,Micheu,gmicheunm@google.com.hk,Female,171.151.226.128,New York,NY
852,Rolland,Salkild,rsalkildnn@prlog.org,Male,196.79.146.164,New York,NY
853,Riley,Iceton,ricetonno@edublogs.org,Male,13.225.199.105,Maryland,MD
854,Analise,Greenier,agreeniernp@cisco.com,Female,174.206.4.99,Illinois,IL
855,Shelbi,Mingard,smingardnq@sohu.com,Female,8.254.77.77,District of Columbia,DC
856,Donella,Philippart,dphilippartnr@timesonline.co.uk,Female,26.214.3.235,Texas,TX
857,Georas,Clyant,gclyantns@examiner.com,Male,113.3.0.232,California,CA
858,Kimberley,Tolle,ktollent@jalbum.net,Female,210.213.10.182,New Jersey,NJ
859,Tammi,Elliff,telliffnu@nytimes.com,Female,227.247.147.191,Connecticut,CT
860,Bertrando,Winham,bwinhamnv@stanford.edu,Male,178.34.137.52,Maryland,MD
861,Sheba,Vivians,sviviansnw@netlog.com,Female,129.105.13.126,Texas,TX
862,Appolonia,Vaulkhard,avaulkhardnx@eepurl.com,Female,186.131.180.85,California,CA
863,Noell,Vasyutkin,nvasyutkinny@google.de,Female,220.100.155.56,District of Columbia,DC
864,Elana,De Haven,edehavennz@nsw.gov.au,Female,101.94.95.98,Florida,FL
865,Genvieve,Fenn,gfenno0@google.com.hk,Female,13.146.59.145,Oregon,OR
866,Elenore,Dottridge,edottridgeo1@shutterfly.com,Female,127.148.83.196,Texas,TX
867,Yvor,Kaser,ykasero2@cisco.com,Male,187.30.183.226,Colorado,CO
868,Gwenneth,Denekamp,gdenekampo3@noaa.gov,Female,8.56.179.177,California,CA
869,Cordey,Genge,cgengeo4@paginegialle.it,Female,120.58.160.111,Texas,TX
870,Tedd,Duffett,tduffetto5@washington.edu,Male,46.132.40.131,California,CA
871,Johannah,Rushbury,jrushburyo6@independent.co.uk,Female,1.200.21.61,California,CA
872,Ibrahim,Spilsbury,ispilsburyo7@usgs.gov,Male,99.173.109.217,Michigan,MI
873,Thedric,Acland,taclando8@foxnews.com,Male,74.30.234.181,Texas,TX
874,Denis,Adan,dadano9@deviantart.com,Male,34.222.43.228,Florida,FL
875,Edie,Balser,ebalseroa@usatoday.com,Female,221.207.124.8,Indiana,IN
876,Stevana,Stoute,sstouteob@google.co.uk,Female,175.203.14.95,California,CA
877,Euphemia,Wais,ewaisoc@amazon.co.jp,Female,75.181.8.87,Virginia,VA
878,Sylvester,Cluney,scluneyod@weebly.com,Male,207.44.85.209,Indiana,IN
879,Darlleen,Seeley,dseeleyoe@dailymail.co.uk,Female,46.17.56.58,Pennsylvania,PA
880,Derrek,Kurton,dkurtonof@shop-pro.jp,Male,242.187.161.229,Washington,WA
881,Lydon,Winram,lwinramog@yellowpages.com,Male,248.231.166.158,Texas,TX
882,Farleigh,Rooke,frookeoh@netlog.com,Male,110.206.79.205,Texas,TX
883,Emanuele,Ackred,eackredoi@desdev.cn,Male,216.64.40.38,Florida,FL
884,Frederica,Corry,fcorryoj@washington.edu,Female,94.18.201.242,California,CA
885,Marget,Hazelhurst,mhazelhurstok@ehow.com,Female,182.45.119.125,Colorado,CO
886,Catharine,Kinde,ckindeol@economist.com,Female,72.222.84.65,California,CA
887,Patricia,Kinzel,pkinzelom@npr.org,Female,203.245.220.234,Tennessee,TN
888,Cecil,Selesnick,cselesnickon@harvard.edu,Male,225.255.162.184,Massachusetts,MA
889,Demetrius,Cheel,dcheeloo@wikipedia.org,Male,138.251.207.33,Pennsylvania,PA
890,Gian,Trippett,gtrippettop@discuz.net,Male,101.134.205.182,Missouri,MO
891,Sunshine,Varley,svarleyoq@mashable.com,Female,186.198.116.33,New York,NY
892,Tucker,Yes,tyesor@unc.edu,Male,235.191.64.147,California,CA
893,Kristyn,Crebbin,kcrebbinos@state.tx.us,Female,199.118.90.151,Pennsylvania,PA
894,Karisa,Chatburn,kchatburnot@guardian.co.uk,Female,69.12.22.26,California,CA
895,Angelita,Stearns,astearnsou@phpbb.com,Female,218.53.210.115,Texas,TX
896,Margo,Dalloway,mdallowayov@trellian.com,Female,128.164.251.181,Tennessee,TN
897,Tamra,Tysack,ttysackow@dailymotion.com,Female,83.166.237.143,Washington,WA
898,Ase,Bulmer,abulmerox@youtu.be,Male,105.35.14.134,Nebraska,NE
899,Hubey,Trobridge,htrobridgeoy@fda.gov,Male,187.120.162.241,Louisiana,LA
900,Neddy,Olivo,nolivooz@booking.com,Male,138.162.117.188,California,CA
901,Ashbey,Ponting,apontingp0@hexun.com,Male,39.148.11.52,Texas,TX
902,Ardys,Splain,asplainp1@un.org,Female,35.22.188.240,Colorado,CO
903,Leupold,Wynne,lwynnep2@google.co.uk,Male,128.28.39.243,Florida,FL
904,Joane,Moyse,jmoysep3@dot.gov,Female,27.2.176.105,Colorado,CO
905,Tomaso,Playfoot,tplayfootp4@usatoday.com,Male,204.23.11.249,California,CA
906,Pat,Hounsham,phounshamp5@sun.com,Female,102.11.209.60,Maryland,MD
907,Gabrielle,Farlam,gfarlamp6@shareasale.com,Female,193.97.127.233,Pennsylvania,PA
908,Malina,MacMaykin,mmacmaykinp7@cisco.com,Female,252.205.165.27,Texas,TX
909,Cindie,Colvine,ccolvinep8@amazon.de,Female,156.105.235.188,North Carolina,NC
910,Osbourn,Mebs,omebsp9@jigsy.com,Male,208.8.241.4,Alabama,AL
911,Pete,Adenot,padenotpa@lycos.com,Male,98.220.129.80,New York,NY
912,Wang,Pfeiffer,wpfeifferpb@multiply.com,Male,115.104.191.125,Virginia,VA
913,Kathryne,Connelly,kconnellypc@github.io,Female,62.90.189.238,Tennessee,TN
914,Amabelle,Behr,abehrpd@sphinn.com,Female,135.197.109.168,Minnesota,MN
915,Roderick,Adelberg,radelbergpe@dagondesign.com,Male,78.145.213.71,California,CA
916,Wye,Tommen,wtommenpf@fastcompany.com,Male,137.186.129.146,Indiana,IN
917,Wendie,Jagels,wjagelspg@psu.edu,Female,112.15.234.195,Kansas,KS
918,Reamonn,Kirman,rkirmanph@si.edu,Male,111.173.123.59,Illinois,IL
919,Wat,Alben,walbenpi@goodreads.com,Male,229.253.8.197,Nevada,NV
920,Jessika,Nicolls,jnicollspj@icio.us,Female,252.105.146.51,New York,NY
921,Talia,Doswell,tdoswellpk@t-online.de,Female,103.186.32.79,California,CA
922,Mikael,Blasoni,mblasonipl@foxnews.com,Male,3.147.37.137,Texas,TX
923,Drucie,Dimeloe,ddimeloepm@msn.com,Female,125.62.103.181,Texas,TX
924,Any,Winstone,awinstonepn@qq.com,Male,15.18.139.225,Florida,FL
925,Holly,Lowton,hlowtonpo@wunderground.com,Male,228.94.7.24,Minnesota,MN
926,Sherwin,Olman,solmanpp@microsoft.com,Male,211.243.173.97,New Jersey,NJ
927,Gifford,Cicchelli,gcicchellipq@eepurl.com,Male,244.188.177.66,Illinois,IL
928,Randee,Pockett,rpockettpr@cafepress.com,Female,205.68.19.113,Indiana,IN
929,Jaymie,Eglington,jeglingtonps@sourceforge.net,Male,200.102.9.134,Illinois,IL
930,Reine,Kersaw,rkersawpt@github.io,Female,95.232.162.117,Virginia,VA
931,Rachael,Kneller,rknellerpu@senate.gov,Female,208.85.86.154,Michigan,MI
932,Christophorus,Kmietsch,ckmietschpv@engadget.com,Male,93.18.81.187,California,CA
933,Amabelle,Poytheras,apoytheraspw@so-net.ne.jp,Female,253.152.117.22,New York,NY
934,Richart,Tierney,rtierneypx@wired.com,Male,58.237.86.188,Texas,TX
935,Archibald,McCrann,amccrannpy@ftc.gov,Male,222.205.133.171,New York,NY
936,Belle,Bravington,bbravingtonpz@intel.com,Female,24.221.114.43,Georgia,GA
937,Bill,Briscam,bbriscamq0@dedecms.com,Female,210.193.138.35,Nevada,NV
938,Kattie,Collecott,kcollecottq1@webs.com,Female,218.183.154.89,New York,NY
939,Jaime,Berkery,jberkeryq2@istockphoto.com,Male,83.89.175.40,Virginia,VA
940,Sigmund,Reinert,sreinertq3@diigo.com,Male,190.42.190.66,Georgia,GA
941,Della,Swynley,dswynleyq4@skyrock.com,Female,51.176.176.198,Nebraska,NE
942,Chelsie,Azema,cazemaq5@technorati.com,Female,40.246.72.6,California,CA
943,Buddy,Spurret,bspurretq6@engadget.com,Male,107.4.41.118,New York,NY
944,Bartholemy,Barwood,bbarwoodq7@cbsnews.com,Male,125.246.232.126,Texas,TX
945,Etienne,Sciacovelli,esciacovelliq8@people.com.cn,Male,135.62.252.224,Illinois,IL
946,Tobey,Lawly,tlawlyq9@google.de,Female,189.128.102.149,California,CA
947,Jenine,Soares,jsoaresqa@wordpress.com,Female,37.162.88.226,Texas,TX
948,Claresta,Berling,cberlingqb@gmpg.org,Female,254.81.0.247,Massachusetts,MA
949,Jonah,Brunn,jbrunnqc@blinklist.com,Male,39.197.60.4,Virginia,VA
950,Harald,Fairlamb,hfairlambqd@google.ru,Male,78.219.117.203,Oklahoma,OK
951,Marcie,Dottrell,mdottrellqe@4shared.com,Female,171.249.39.141,North Carolina,NC
952,Kale,Cossell,kcossellqf@bing.com,Male,117.37.55.118,Georgia,GA
953,Forbes,Pugsley,fpugsleyqg@alibaba.com,Male,49.185.190.141,Texas,TX
954,Jerrine,Mildenhall,jmildenhallqh@godaddy.com,Female,235.162.111.237,Michigan,MI
955,Leda,Tosspell,ltosspellqi@bloglovin.com,Female,12.42.28.239,Michigan,MI
956,Luther,Probetts,lprobettsqj@state.gov,Male,191.90.30.208,Ohio,OH
957,Flss,Gloyens,fgloyensqk@elpais.com,Female,243.166.186.79,Delaware,DE
958,Jay,Klassmann,jklassmannql@plala.or.jp,Male,39.123.223.129,Connecticut,CT
959,Starlene,Cothey,scotheyqm@addtoany.com,Female,70.217.114.55,California,CA
960,Latrena,Harvie,lharvieqn@ask.com,Female,124.241.221.44,New Mexico,NM
961,Cesya,Mandre,cmandreqo@intel.com,Female,149.35.20.41,Florida,FL
962,Brandy,China,bchinaqp@china.com.cn,Male,154.212.89.14,Idaho,ID
963,Goldina,Inglesfield,ginglesfieldqq@webeden.co.uk,Female,184.106.196.75,California,CA
964,Tobey,Ashness,tashnessqr@abc.net.au,Female,29.157.166.35,Georgia,GA
965,Valli,Bramwich,vbramwichqs@elegantthemes.com,Female,59.248.13.180,District of Columbia,DC
966,Dahlia,Laddle,dladdleqt@feedburner.com,Female,34.69.100.53,Texas,TX
967,Mollee,Jearum,mjearumqu@hp.com,Female,43.12.116.55,District of Columbia,DC
968,Rosette,Matyukon,rmatyukonqv@pagesperso-orange.fr,Female,23.12.206.58,Alabama,AL
969,Selena,Baise,sbaiseqw@i2i.jp,Female,49.132.174.175,Texas,TX
970,Donavon,Hoyt,dhoytqx@imgur.com,Male,55.213.25.114,Alaska,AK
971,Jacques,Silverton,jsilvertonqy@squarespace.com,Male,140.193.105.212,California,CA
972,Ofelia,Sonschein,osonscheinqz@reverbnation.com,Female,201.248.160.122,California,CA
973,Emmery,Poolton,epooltonr0@about.com,Male,179.117.172.93,California,CA
974,Hilly,Cashin,hcashinr1@vinaora.com,Male,143.30.29.32,New York,NY
975,Ashia,Sothcott,asothcottr2@tuttocitta.it,Female,64.114.195.132,Massachusetts,MA
976,Langsdon,Klaffs,lklaffsr3@phoca.cz,Male,116.163.246.95,Texas,TX
977,Alexandre,Oneal,aonealr4@tuttocitta.it,Male,20.15.49.208,Florida,FL
978,Adrian,Jeckells,ajeckellsr5@apple.com,Female,194.80.107.234,New York,NY
979,Cynthy,Soares,csoaresr6@4shared.com,Female,112.209.80.183,Oregon,OR
980,Raquel,d' Elboux,rdelbouxr7@theatlantic.com,Female,239.88.0.239,Iowa,IA
981,Ashley,Cassedy,acassedyr8@google.co.jp,Male,206.201.176.163,Louisiana,LA
982,Gaylord,Crennan,gcrennanr9@wiley.com,Male,164.50.86.159,New Mexico,NM
983,Benedikt,Jorczyk,bjorczykra@apple.com,Male,78.3.106.79,Ohio,OH
984,Burnaby,Lown,blownrb@java.com,Male,161.131.84.7,Virginia,VA
985,Kirbee,Belin,kbelinrc@fotki.com,Female,65.107.236.145,District of Columbia,DC
986,Norean,Mattiuzzi,nmattiuzzird@addthis.com,Female,205.236.96.69,Florida,FL
987,Kev,Alder,kalderre@howstuffworks.com,Male,20.183.1.114,California,CA
988,Ofelia,Codling,ocodlingrf@businessinsider.com,Female,98.58.185.34,New York,NY
989,Gavan,O'Corrin,gocorrinrg@google.fr,Male,123.245.179.255,Arizona,AZ
990,Jarvis,Brelsford,jbrelsfordrh@patch.com,Male,209.210.211.210,Texas,TX
991,Tedie,Hoggan,thogganri@gizmodo.com,Male,65.104.243.53,Missouri,MO
992,Isaiah,Crookshanks,icrookshanksrj@examiner.com,Male,49.126.81.186,Maryland,MD
993,Arnaldo,Vincent,avincentrk@reverbnation.com,Male,182.115.185.118,District of Columbia,DC
994,Cristian,Yegorchenkov,cyegorchenkovrl@comcast.net,Male,212.198.158.170,Florida,FL
995,Joshia,Sebrook,jsebrookrm@bbc.co.uk,Male,11.116.22.156,Florida,FL
996,Isiahi,Eddolls,ieddollsrn@sohu.com,Male,76.130.167.26,Idaho,ID
997,Jacqueline,Keward,jkewardro@cbc.ca,Female,9.17.46.1,Washington,WA
998,Yorgos,Szymczyk,yszymczykrp@bloglines.com,Male,10.12.60.138,Ohio,OH
999,Cody,Lackie,clackierq@harvard.edu,Male,117.163.94.129,Wisconsin,WI
1000,Odo,Pagelsen,opagelsenrr@auda.org.au,Male,126.222.75.176,Illinois,IL
